Date,LBMA/GOLD,CHRIS/CME_O1,LBMA/SILVER,CHRIS/CME_DA1,CHRIS/CME_LN1,CHRIS/CME_C1,CHRIS/CME_RR1,CHRIS/CME_LB1,CHRIS/CME_RB1,CHRIS/CME_NG1,CHRIS/CME_PL1,CHRIS/CME_S1
2016-05-19,1253.75,194.25,16.6,12.79,81.15,397.5,12.085,315.9,1.6386,2.01,,1073.75
2016-05-20,1256.5,189.25,16.56,12.81,80.25,390.0,11.8,311.0,1.6272,2.037,1022.5,1071.75
2016-05-23,1250.4,189.0,16.31,12.8,79.8,394.0,11.785,305.0,1.6371,2.093,1012.3,1074.25
2016-05-24,1242.65,190.25,16.27,12.82,79.375,397.25,11.6,298.1,1.645,2.064,1003.7,1057.5
2016-05-25,1220.75,188.75,16.205,12.83,79.925,396.5,11.555,302.3,1.6439,1.98,994.2,1056.75
2016-05-26,1226.65,190.0,16.46,12.78,80.7,404.0,11.25,304.1,1.6448,1.972,995.3,1084.75
2016-05-27,1221.25,191.75,16.3,12.8,80.425,408.0,11.085,313.1,1.6227,2.145,995.0,1079.0
2016-05-31,1210.5,193.0,16.06,12.81,80.75,412.5,10.82,305.9,1.6318,2.16,981.3,1086.0
2016-06-01,1216.25,189.0,15.95,12.81,80.8,404.25,10.94,300.6,1.596,2.287,981.5,1078.75
2016-06-02,1215.5,190.75,15.98,12.76,81.275,413.75,11.045,297.0,1.6238,2.369,973.5,1101.25
2016-06-03,1211.0,189.25,16.1,13.08,82.0,414.0,11.36,301.8,1.6261,2.404,960.8,1142.0
2016-06-06,1240.55,188.0,16.4,13.18,82.325,419.75,11.255,304.1,1.6127,2.439,988.0,1143.25
2016-06-07,1241.1,194.5,16.31,13.25,82.425,426.25,11.65,306.1,1.5906,2.444,997.9,1136.75
2016-06-08,1252.4,198.0,16.75,13.12,82.25,427.25,11.65,297.3,1.5903,2.481,1001.1,1140.25
2016-06-09,1258.35,205.0,17.05,13.25,82.625,430.25,11.5,297.1,1.629,2.465,1011.7,1177.0
2016-06-10,1266.6,204.0,17.32,13.25,82.7,426.5,11.31,308.4,1.6147,2.593,1004.0,1174.5
2016-06-13,1284.1,201.75,17.32,13.25,82.25,427.5,11.35,305.0,1.5535,2.595,994.1,1191.75
2016-06-14,1279.4,205.0,17.25,13.32,81.8,429.5,11.27,302.2,1.5263,2.576,991.7,1168.0
2016-06-15,1282.0,207.0,17.41,13.28,88.675,435.75,11.315,298.2,1.4901,2.607,975.7,1171.25
2016-06-16,1307.0,204.5,17.71,13.24,81.62,426.25,11.61,297.0,1.4957,2.592,976.4,1155.5
2016-06-17,1284.5,203.0,17.37,13.24,87.025,425.0,11.33,302.0,1.4628,2.584,965.8,1133.75
2016-06-20,1283.25,211.0,17.335,13.23,86.125,435.5,11.395,300.7,1.5126,2.652,966.9,1153.5
2016-06-21,1280.8,207.5,17.36,13.23,86.5,420.5,11.11,300.5,1.5699,2.743,988.4,1145.0
2016-06-22,1265.0,205.25,17.2,13.23,86.7,396.5,11.075,298.9,1.6015,2.765,979.0,1131.5
2016-06-23,1265.75,206.5,17.29,13.24,84.7,392.0,10.98,299.4,1.583,2.67,977.9,1139.0
2016-06-24,1313.85,206.5,18.04,13.23,83.975,387.5,10.79,293.6,1.607,2.703,966.7,1124.75
2016-06-27,1324.6,210.25,17.7,13.22,83.3,384.25,10.73,295.9,1.5335,2.636,986.2,1104.25
2016-06-28,1312.0,208.75,17.57,13.24,83.6,383.0,10.915,297.3,1.4875,2.726,979.1,1130.5
2016-06-29,1317.75,206.25,18.21,13.22,83.525,385.5,10.63,305.5,1.5068,2.879,980.5,1148.25
2016-06-30,1317.0,205.0,18.36,15.28,83.225,375.0,10.705,303.7,1.5205,2.863,1007.7,1145.0
2016-07-01,1331.75,208.0,19.24,15.26,82.875,360.75,10.505,308.7,1.5025,2.931,1025.9,1175.0
2016-07-04,1348.75,,20.36,,,,,,,,,
2016-07-05,1344.75,216.0,19.73,15.05,82.75,348.0,10.32,308.5,1.5176,2.915,1064.6,1150.25
2016-07-06,1370.0,230.25,20.43,14.97,82.15,344.75,,315.0,1.4275,2.768,1072.7,1115.0
2016-07-07,1367.1,229.0,19.95,15.15,81.575,338.5,,312.1,1.4571,2.803,1091.3,1111.25
2016-07-08,1356.1,231.5,19.72,15.22,81.25,337.25,10.69,314.6,1.3677,2.758,1080.5,1054.0
2016-07-11,1358.25,239.0,20.47,15.2,80.55,354.25,10.75,313.3,1.3664,2.819,1094.0,1105.0
2016-07-12,1352.85,250.0,20.35,15.22,80.075,343.0,10.735,315.0,1.3814,2.717,1097.2,1080.0
2016-07-13,1340.25,239.0,20.29,15.25,80.075,353.0,10.485,317.2,1.4138,2.738,1095.5,1112.25
2016-07-14,1325.7,217.0,20.25,15.26,80.275,369.5,10.375,319.1,1.386,2.751,1088.0,1133.5
2016-07-15,1330.5,206.5,20.14,15.31,80.225,356.5,10.595,323.0,1.404,2.73,1097.0,1083.0
2016-07-18,1326.15,204.5,19.72,15.35,78.25,352.25,10.54,336.4,1.4188,2.775,1085.2,1062.0
2016-07-19,1332.2,206.25,19.99,15.33,79.9,356.5,10.76,332.7,1.3883,2.733,1088.0,1076.5
2016-07-20,1325.6,205.75,19.7,15.34,77.45,344.25,10.82,326.7,1.3752,2.722,1071.9,1047.0
2016-07-21,1322.0,205.5,19.34,15.27,76.2,337.75,10.755,328.2,1.3599,2.665,1089.4,1026.0
2016-07-22,1323.2,207.25,19.7,15.27,74.6,334.5,10.61,328.6,1.3497,2.688,1085.0,1034.25
2016-07-25,1315.0,207.75,19.41,15.28,75.9,335.0,10.41,325.5,1.358,2.779,1083.5,998.25
2016-07-26,1321.25,204.0,19.68,15.28,75.725,333.5,10.375,327.1,1.3311,2.733,1097.7,984.0
2016-07-27,1320.8,198.75,19.58,15.28,74.45,332.5,10.06,329.0,1.3407,2.691,1104.1,994.0
2016-07-28,1341.3,197.25,20.41,15.27,71.725,335.75,9.87,327.9,1.3244,2.673,1142.5,1012.5
2016-07-29,1332.5,198.0,20.04,15.27,69.2,331.25,9.78,325.1,1.3033,2.857,1137.6,1005.25
2016-08-01,1348.85,200.75,20.51,15.27,69.65,332.5,9.925,318.0,1.3135,2.84,1151.1,1024.5
2016-08-02,1358.15,199.0,20.71,15.27,68.7,325.25,9.705,315.6,1.3127,2.774,1161.8,994.25
2016-08-03,1364.4,195.0,20.59,15.24,68.875,323.75,9.57,316.0,1.3103,2.734,1172.9,987.0
2016-08-04,1351.15,195.5,20.16,16.98,68.425,325.0,9.65,316.6,1.3535,2.842,1170.0,990.0
2016-08-05,1362.6,185.25,20.22,17.02,67.75,320.5,9.39,323.9,1.367,2.829,1162.7,990.5
2016-08-08,1330.0,179.0,19.66,17.12,67.6,324.25,9.375,322.6,1.3725,2.749,1151.5,1012.5
2016-08-09,1332.9,176.75,19.7,17.16,67.275,325.25,9.71,323.3,1.359,2.738,1154.5,1018.0
2016-08-10,1351.85,174.75,20.335,17.1,67.225,322.0,9.68,334.9,1.3576,2.619,1160.5,1027.0
2016-08-11,1344.55,173.25,20.21,16.98,67.4,322.25,9.52,330.8,1.2977,2.57,1181.0,1022.25
2016-08-12,1336.7,168.75,19.87,16.99,67.35,320.5,9.315,321.8,1.3571,2.535,1146.0,1023.5
2016-08-15,1339.2,168.0,19.9,17.0,60.625,321.25,9.73,324.5,1.3759,2.565,1128.2,998.5
2016-08-16,1349.1,172.25,20.035,16.99,67.03,326.75,10.245,325.5,1.395,2.591,1114.8,1022.25
2016-08-17,1342.75,172.5,19.57,17.01,59.85,327.25,10.475,323.8,1.4053,2.627,1122.7,1020.75
2016-08-18,1347.1,170.25,19.78,16.96,60.7,330.0,10.185,321.3,1.4515,2.615,1123.0,1037.0
2016-08-19,1346.85,170.5,19.415,16.96,60.525,332.25,10.2,320.9,1.4905,2.66,1135.0,1032.5
2016-08-22,1334.3,168.75,18.91,16.96,62.2,333.75,10.29,321.9,1.5087,2.596,1116.3,1025.5
2016-08-23,1338.5,173.0,18.98,16.95,61.125,333.0,10.46,323.3,1.4803,2.671,1107.8,1030.5
2016-08-24,1337.3,171.75,18.84,16.94,60.725,328.25,10.33,320.0,1.4894,2.761,1109.1,1033.5
2016-08-25,1324.5,170.5,18.5,16.92,60.2,327.0,10.055,317.2,1.4944,2.79,1082.5,1029.75
2016-08-26,1324.9,172.75,18.67,16.91,59.325,323.5,9.77,318.5,1.51,2.84,1078.1,996.5
2016-08-29,,170.5,,16.92,61.425,316.25,9.745,316.9,1.5043,2.847,1075.5,991.75
2016-08-30,1318.85,162.0,18.78,16.92,61.375,311.75,9.46,312.5,1.4688,2.893,1081.2,984.0
2016-08-31,1314.45,163.5,18.74,16.91,62.1,304.0,9.32,313.5,1.4415,2.834,1059.6,966.5
2016-09-01,1305.7,165.5,18.65,16.48,62.75,302.0,9.315,313.4,1.3375,2.879,1054.5,960.25
2016-09-02,1311.5,161.75,18.75,16.81,63.325,311.0,9.56,306.7,1.281,2.805,1049.8,960.0
2016-09-05,1328.3,,19.46,,,,,,,,,
2016-09-06,1330.05,159.0,19.6,16.87,60.125,316.0,9.385,307.9,1.2892,2.764,1066.9,969.0
2016-09-07,1348.75,,19.92,16.99,59.2,316.25,,310.0,1.3146,2.725,1103.0,980.5
2016-09-08,1348.0,,19.93,16.76,61.5,322.0,,308.0,1.3623,2.681,1094.0,994.5
2016-09-09,1335.65,167.5,19.41,16.58,61.2,326.5,9.29,305.3,1.4033,2.81,1087.0,989.5
2016-09-12,1327.5,166.5,18.72,16.53,59.925,329.25,9.43,308.4,1.3593,2.82,1065.1,990.25
2016-09-13,1328.5,163.25,19.16,16.42,59.55,329.25,9.545,310.8,1.3867,2.902,1057.8,982.5
2016-09-14,1323.2,166.5,19.04,16.45,57.225,320.5,9.58,310.0,1.3777,2.899,1037.5,971.75
2016-09-15,1320.1,174.75,18.96,16.4,55.25,331.5,9.895,311.3,1.3652,2.895,1039.5,943.0
2016-09-16,1314.25,172.75,18.91,16.4,55.3,329.0,9.785,303.7,1.42,2.918,1034.6,949.0
2016-09-19,1315.05,176.5,19.12,16.38,55.725,337.25,9.825,302.6,1.47,2.956,1020.0,970.5
2016-09-20,1315.4,173.75,19.17,16.35,55.05,336.0,9.75,308.4,1.4164,2.936,1022.0,973.5
2016-09-21,1319.6,174.5,19.43,16.35,55.55,339.0,9.83,308.1,1.3791,3.078,1032.5,988.25
2016-09-22,1332.45,176.5,19.875,16.38,54.375,339.25,9.695,316.0,1.4021,3.074,1052.8,975.0
2016-09-23,1335.9,176.75,19.82,16.4,54.225,336.0,9.66,329.8,1.3932,2.995,1057.4,975.0
2016-09-26,1336.3,176.0,19.44,16.4,53.825,334.0,9.65,326.9,1.379,2.949,1057.6,951.5
2016-09-27,1335.85,174.0,19.42,16.4,53.3,329.25,9.7,327.0,1.3986,3.011,1043.9,946.75
2016-09-28,1324.8,175.0,19.12,16.38,52.3,331.75,9.75,322.5,1.4082,2.994,1027.5,951.75
2016-09-29,1320.85,174.0,19.01,16.4,51.6,329.75,9.725,326.2,1.4765,3.01,1030.4,947.0
2016-09-30,1327.9,176.25,19.35,16.39,52.125,329.0,9.775,332.6,1.4728,2.966,1026.0,950.0
2016-10-03,1318.65,178.75,19.18,16.4,49.275,336.25,9.835,336.7,1.459,2.905,1024.5,952.5
2016-10-04,1309.15,183.0,18.74,16.4,49.4,345.0,10.05,331.4,1.472,2.907,1005.8,970.75
2016-10-05,1274.0,182.0,17.8,16.39,49.025,347.75,10.075,331.4,1.5016,2.973,992.5,963.5
2016-10-06,1265.5,184.25,17.76,14.93,48.8,347.25,10.035,332.1,1.4854,3.03,980.5,956.0
2016-10-07,1255.0,188.0,17.33,15.0,50.975,340.75,10.055,336.8,1.504,3.033,966.3,958.75
2016-10-10,1262.1,193.0,17.78,15.01,51.15,339.5,10.04,339.5,1.478,3.194,971.5,955.75
2016-10-11,1256.4,197.75,17.48,14.86,51.1,343.0,10.22,337.1,1.4892,3.272,964.0,953.5
2016-10-12,1255.7,199.0,17.44,14.7,51.8,345.0,10.355,333.6,1.4899,3.223,949.0,953.0
2016-10-13,1258.0,197.75,17.59,14.73,52.525,337.5,10.16,333.5,1.46,3.211,940.5,946.0
2016-10-14,1256.15,196.25,17.47,14.68,52.525,349.5,10.21,328.0,1.48,3.345,936.2,955.5
2016-10-17,1252.7,198.25,17.4,14.69,42.475,353.0,10.155,323.7,1.4995,3.26,932.7,961.75
2016-10-18,1261.65,199.75,17.65,14.71,52.3,354.25,10.36,312.8,1.5001,3.252,943.7,977.5
2016-10-19,1269.75,203.75,17.69,14.75,41.25,353.5,10.375,311.1,1.5018,3.26,941.0,972.0
2016-10-20,1269.2,208.75,17.6,14.77,41.3,357.5,10.32,313.7,1.5136,3.173,943.3,981.25
2016-10-21,1263.95,210.75,17.51,14.74,41.625,351.25,10.295,308.0,1.4962,3.12,926.0,976.25
2016-10-24,1267.0,218.0,17.64,14.72,43.0,351.5,10.26,309.5,1.5329,3.007,944.4,982.75
2016-10-25,1269.3,213.5,17.73,14.72,43.75,348.25,9.88,309.0,1.5001,2.851,961.9,991.25
2016-10-26,1273.9,210.5,17.66,14.73,44.7,349.25,9.81,306.7,1.482,2.757,960.5,990.25
2016-10-27,1269.3,214.75,17.66,14.79,44.2,353.75,10.065,308.1,1.4879,2.746,959.8,1008.5
2016-10-28,1265.9,226.5,17.61,14.79,45.5,357.5,10.15,304.4,1.4858,3.081,964.6,1013.0
2016-10-31,1274.2,228.5,17.76,14.79,46.825,355.0,9.855,301.7,1.4642,3.15,981.0,1002.0
2016-11-01,1284.4,220.0,18.24,14.8,47.7,354.75,9.825,296.5,1.44,2.979,981.6,1002.0
2016-11-02,1295.85,221.0,18.54,14.82,46.925,348.75,9.575,303.5,1.4837,2.852,994.2,983.0
2016-11-03,1293.0,227.25,18.07,16.35,47.45,346.25,9.6,296.0,1.4496,2.773,991.9,976.5
2016-11-04,1301.7,221.0,18.3,16.65,46.9,348.0,9.59,302.0,1.4206,2.815,997.9,980.5
2016-11-07,1286.8,227.75,18.22,16.8,46.375,348.0,9.605,300.2,1.41,2.848,995.0,981.75
2016-11-08,1284.0,230.0,18.26,16.88,47.2,346.0,9.55,299.6,1.37,2.832,1001.9,989.5
2016-11-09,1304.55,225.5,18.81,16.76,46.85,353.0,9.65,303.1,1.37,2.612,1005.6,1000.0
2016-11-10,1280.9,222.5,18.75,16.82,46.525,341.5,9.59,302.8,1.3598,2.691,1002.1,982.25
2016-11-11,1255.65,221.5,18.59,16.83,47.4,343.25,9.485,305.7,1.3369,2.656,975.5,997.0
2016-11-14,1222.6,223.5,17.195,16.71,47.075,340.5,9.125,302.7,1.3009,2.667,941.0,980.75
2016-11-15,1228.9,228.0,17.0,16.67,46.9,337.0,9.375,290.2,1.2834,2.746,932.2,985.5
2016-11-16,1225.7,232.5,16.95,16.73,46.275,341.5,9.425,310.3,1.334,2.71,940.1,993.25
2016-11-17,1232.0,233.5,17.04,16.72,48.175,339.0,9.65,323.3,1.3141,2.767,946.7,985.25
2016-11-18,1206.1,235.25,16.51,16.74,47.525,342.0,9.555,321.9,1.3394,2.696,935.3,989.0
2016-11-21,1214.95,233.75,16.68,16.75,47.9,345.25,9.635,323.7,1.3455,2.898,924.0,995.5
2016-11-22,1217.55,224.75,16.76,16.74,49.825,349.5,9.805,323.2,1.3995,2.973,941.0,1020.0
2016-11-23,1213.25,220.25,16.56,16.74,49.6,350.25,9.59,322.0,1.4031,2.948,941.2,1030.25
2016-11-24,1187.25,,16.31,,,,,,,,,
2016-11-25,1187.5,216.0,16.465,16.74,50.5,349.75,9.575,334.4,1.423,3.011,932.1,1032.0
2016-11-28,1189.1,209.25,16.68,16.73,51.1,349.25,9.67,340.0,1.3695,3.13,907.6,1043.25
2016-11-29,1187.3,204.25,16.54,16.74,50.575,348.0,9.585,336.8,1.4127,3.359,925.7,1055.0
2016-11-30,1187.4,200.0,16.67,16.76,50.85,337.25,9.53,335.0,1.3776,3.325,921.1,1043.0
2016-12-01,1168.75,202.0,16.3,16.98,51.25,337.0,9.68,330.8,1.4761,3.348,912.8,1033.5
2016-12-02,1171.65,201.25,16.35,17.05,50.9,332.75,9.7,332.6,1.5524,3.539,916.8,1033.0
2016-12-05,1164.9,203.5,16.62,17.15,51.2,337.5,9.655,334.8,1.5581,3.471,931.7,1030.5
2016-12-06,1171.15,209.0,16.79,17.02,52.25,348.25,9.86,331.8,1.5491,3.6,938.3,1042.5
2016-12-07,1171.25,,16.77,16.96,54.05,350.25,9.9,332.1,1.5428,3.633,935.2,1047.0
2016-12-08,1174.75,213.5,17.13,17.07,55.3,350.25,9.9,325.6,1.5086,3.569,942.4,1049.0
2016-12-09,1168.9,218.5,16.95,17.08,56.65,349.0,9.81,321.6,1.5055,3.71,938.1,1026.0
2016-12-12,1154.4,213.75,16.86,17.1,57.0,352.25,9.935,317.2,1.5257,3.583,913.5,1041.75
2016-12-13,1157.35,218.0,17.01,17.2,57.475,355.25,9.84,315.9,1.5387,3.525,933.5,1031.25
2016-12-14,1160.95,217.5,17.11,17.19,57.225,356.75,9.79,315.7,1.5305,3.477,936.6,1027.25
2016-12-15,1132.45,228.0,16.14,17.31,61.7,361.5,9.71,314.6,1.533,3.567,924.0,1023.5
2016-12-16,1134.85,224.75,16.05,17.32,57.59,356.0,9.46,313.5,1.5436,3.42,895.8,1029.25
2016-12-19,1137.6,226.0,16.0,17.32,64.725,356.0,9.52,309.6,1.5601,3.353,926.3,1034.0
2016-12-20,1132.75,225.75,15.8,17.34,65.85,353.25,9.44,306.5,1.566,3.401,917.3,1021.25
2016-12-21,1134.4,223.25,16.03,17.33,63.825,350.0,9.48,310.6,1.6044,3.311,921.1,1005.25
2016-12-22,1130.55,222.75,15.77,17.36,65.3,347.25,9.415,310.2,1.6005,3.572,917.5,1007.75
2016-12-23,1131.0,218.75,15.74,17.38,65.075,347.0,9.3,307.8,1.5993,3.541,907.1,994.25
2016-12-27,,217.25,,17.38,62.5,346.5,9.24,307.7,1.6183,3.736,898.0,989.75
2016-12-28,1139.75,229.0,15.85,17.39,65.05,354.25,9.31,305.1,1.6517,3.735,905.2,1014.0
2016-12-29,1146.8,227.75,16.06,17.39,65.575,348.25,9.225,312.5,1.6791,3.872,900.7,1006.5
2016-12-30,1159.1,226.75,16.24,17.4,64.6,349.5,9.26,312.5,1.6763,3.8,899.9,1003.5
2017-01-03,1148.65,230.0,15.95,,66.4,352.0,9.44,315.0,1.674,3.568,911.4,996.0
2017-01-04,1165.9,236.0,16.42,,63.875,355.0,,315.9,1.6322,3.317,926.0,986.0
2017-01-05,1173.05,238.25,16.59,,64.925,359.5,9.495,315.2,1.6403,3.26,952.0,1005.5
2017-01-06,1178.0,235.5,16.45,16.54,65.15,360.75,,315.0,1.6391,3.304,965.6,1003.5
2017-01-09,1176.1,228.25,16.52,16.62,64.125,359.0,9.46,312.4,1.6297,3.253,970.3,986.25
2017-01-10,1183.2,225.75,16.665,16.64,64.2,359.25,9.565,304.9,1.5698,3.115,970.5,993.75
2017-01-11,1187.55,226.5,16.79,16.71,65.25,357.75,9.45,307.5,1.5574,3.274,970.5,1004.5
2017-01-12,1206.65,233.75,16.91,16.81,65.9,357.0,9.46,309.9,1.5958,3.295,988.0,1002.75
2017-01-13,1196.35,234.75,16.76,16.78,66.1,357.5,9.65,303.5,1.6158,3.397,981.3,1029.5
2017-01-16,1202.75,,16.82,,,,,,,,,
2017-01-17,1217.5,242.5,17.0,16.8,65.95,359.0,9.9,333.0,1.6087,3.473,988.3,1054.0
2017-01-18,1212.5,248.75,17.12,16.78,65.9,364.5,9.945,331.7,1.6026,3.397,,1068.0
2017-01-19,1203.35,257.25,16.95,16.78,65.475,364.0,9.88,325.3,1.5416,3.325,,1073.0
2017-01-20,1199.1,258.25,16.89,16.79,65.7,366.0,9.81,327.0,1.5455,3.301,963.3,1070.0
2017-01-23,1213.75,264.5,17.14,16.76,65.35,369.5,9.865,327.0,1.5645,3.18,976.1,1067.5
2017-01-24,1213.3,256.75,17.105,16.75,65.05,369.25,9.83,320.9,1.5747,3.28,982.5,1059.75
2017-01-25,1203.5,257.25,16.93,16.74,66.0,363.25,9.95,322.5,1.5598,3.292,991.9,1057.0
2017-01-26,1191.55,260.75,16.86,16.74,67.7,366.0,9.84,331.8,1.5315,3.362,977.1,1055.5
2017-01-27,1184.2,255.25,16.7,16.73,66.425,363.25,9.73,327.3,1.533,3.35,979.4,1047.0
2017-01-30,1189.85,253.25,17.1,16.73,67.25,361.5,9.8,330.3,1.5222,3.3,980.0,1044.0
2017-01-31,1198.8,245.0,17.29,16.75,67.2,358.5,9.71,323.5,1.5041,3.224,988.9,1023.0
2017-02-01,1210.0,245.5,17.6,16.77,69.5,360.0,9.595,332.0,1.5565,3.134,995.0,1024.5
2017-02-02,1224.05,250.0,17.71,16.75,69.85,367.5,9.535,342.0,1.5799,3.174,1005.9,1037.25
2017-02-03,1213.05,254.75,17.28,17.08,70.6,365.75,9.515,352.0,1.536,3.193,999.5,1036.75
2017-02-06,1221.85,257.0,17.6,16.82,70.275,364.0,9.5,351.6,1.555,3.015,1012.5,1027.0
2017-02-07,1231.0,260.25,17.6,16.77,71.7,363.75,9.475,362.6,1.5139,3.06,1010.6,1038.25
2017-02-08,1235.6,258.0,17.74,16.82,72.6,368.0,9.39,359.9,1.472,3.14,1007.0,1041.75
2017-02-09,1241.75,256.0,17.715,16.87,73.9,369.5,9.53,381.7,1.551,3.143,1021.2,1057.0
2017-02-10,1225.75,252.25,17.62,16.88,74.775,368.5,9.435,377.0,1.5703,3.105,1010.3,1050.0
2017-02-13,1229.4,257.25,17.97,16.84,74.675,373.5,9.54,367.9,1.5895,2.978,1009.4,1059.25
2017-02-14,1229.65,253.0,17.905,16.87,74.95,375.0,9.48,365.0,1.545,2.923,1002.0,1055.0
2017-02-15,1225.15,252.75,17.88,16.88,71.775,374.0,9.425,364.5,1.5424,2.939,1009.3,1045.25
2017-02-16,1236.75,250.5,18.1,16.92,75.31,378.0,9.38,368.7,1.5488,2.934,1012.5,1060.25
2017-02-17,1241.4,256.0,18.005,16.88,69.825,373.25,9.31,361.7,1.523,2.84,1006.0,1043.0
2017-02-20,1235.35,,17.98,,,,,,,,,
2017-02-21,1228.7,257.0,17.89,16.85,71.25,368.5,9.365,360.4,1.5152,2.791,1000.0,1033.25
2017-02-22,1237.5,252.75,18.0,16.85,70.0,369.25,9.425,361.6,1.4965,2.584,1005.4,1027.25
2017-02-23,1237.35,252.0,18.0,16.85,67.5,370.5,9.45,364.0,1.5219,2.598,1000.6,1023.0
2017-02-24,1255.35,253.25,18.27,16.88,66.7,365.75,9.45,362.9,1.5239,2.62,1011.2,1012.25
2017-02-27,1256.25,250.25,18.34,16.85,68.25,364.25,9.44,366.6,1.5111,2.715,1034.0,1015.5
2017-02-28,1251.9,250.75,18.28,16.87,68.3,361.5,9.39,373.8,1.5305,2.691,1025.1,1013.0
2017-03-01,1246.05,256.5,18.33,16.88,68.25,366.25,9.295,364.0,1.7101,2.77,1027.4,1025.25
2017-03-02,1243.3,262.0,18.33,16.07,68.55,375.0,9.34,361.5,1.665,2.791,1013.9,1039.75
2017-03-03,1228.75,261.0,17.66,16.03,68.0,371.75,9.35,357.0,1.6424,2.816,,1027.5
2017-03-06,1231.15,271.25,17.81,15.91,67.275,375.5,9.325,353.5,1.6544,2.911,976.7,1027.5
2017-03-07,1223.7,261.0,17.7,15.88,67.4,373.0,,356.0,1.6796,2.872,977.1,1026.75
2017-03-08,1213.3,266.0,17.4,15.9,68.15,369.25,9.355,357.1,1.6998,2.835,,1014.0
2017-03-09,1204.6,268.0,17.14,16.0,68.725,366.0,9.365,354.2,1.6471,2.913,,1009.0
2017-03-10,1196.55,,16.89,15.81,68.1,360.25,9.45,347.0,1.625,2.987,,999.5
2017-03-13,1207.8,270.0,17.02,15.73,68.4,358.0,,345.5,1.5946,3.083,,996.25
2017-03-14,1203.55,,17.0,15.69,70.425,354.0,9.58,347.0,1.5802,3.018,,996.5
2017-03-15,1202.25,254.0,16.91,15.7,70.5,362.25,9.725,345.5,1.6029,2.949,,998.75
2017-03-16,1225.6,257.0,17.46,15.68,70.375,363.5,9.7,364.7,1.5895,2.974,,1000.0
2017-03-17,1228.75,250.5,17.4,15.7,69.5,366.25,9.815,363.1,1.5919,2.908,,1001.5
2017-03-20,1233.0,250.75,17.23,15.73,69.125,369.0,9.915,361.0,1.598,2.913,,1003.75
2017-03-21,1232.05,248.5,17.31,15.75,68.775,363.5,9.83,373.3,1.6125,3.08,,1000.0
2017-03-22,1246.1,253.5,17.58,15.76,68.225,361.25,9.765,372.2,1.6112,3.082,,1001.0
2017-03-23,1247.9,253.25,17.55,15.81,68.375,358.5,9.785,373.7,1.6019,3.02,,999.25
2017-03-24,1244.0,247.75,17.63,15.8,69.35,357.0,9.83,376.8,1.5878,3.05,964.0,990.5
2017-03-27,1256.9,248.5,17.94,15.81,67.05,356.75,9.795,374.9,1.6109,3.119,,976.0
2017-03-28,1253.65,241.25,17.94,15.83,66.025,356.0,9.79,370.6,1.6175,3.046,,971.25
2017-03-29,1252.9,234.0,18.13,15.83,65.5,357.25,9.755,367.9,1.631,3.089,,970.5
2017-03-30,1250.9,231.25,18.1,15.82,65.175,358.25,9.84,369.9,1.67,3.21,954.1,969.5
2017-03-31,1241.7,226.5,18.06,15.82,65.875,358.0,9.845,377.6,1.689,3.199,949.3,961.75
2017-04-03,1246.25,224.25,18.16,15.83,65.55,365.75,9.89,376.9,1.7007,3.217,953.1,946.25
2017-04-04,1258.65,225.5,18.34,15.82,64.8,367.0,10.075,373.5,1.695,3.145,958.9,939.25
2017-04-05,1252.5,223.25,18.26,,63.775,363.0,10.1,376.2,1.7269,3.293,960.3,937.5
2017-04-06,1253.75,222.75,18.22,15.23,63.9,364.25,10.155,384.3,1.7144,3.269,953.9,944.0
2017-04-07,1264.3,218.75,18.4,15.12,63.7,360.5,10.21,399.6,1.7303,3.307,,938.5
2017-04-10,1253.6,217.0,17.94,15.08,63.5,360.0,10.215,414.6,1.7466,3.24,947.4,944.25
2017-04-11,1255.7,216.0,17.94,15.14,63.3,366.0,10.26,393.7,1.7617,3.243,943.5,941.75
2017-04-12,1272.3,220.0,18.31,15.13,62.7,366.5,10.235,405.2,1.7639,3.168,966.4,942.25
2017-04-13,1286.1,224.75,18.56,15.23,62.25,368.75,10.16,393.2,1.7397,3.182,973.0,947.25
2017-04-17,,225.5,,15.25,62.15,371.0,10.21,387.9,1.7333,3.229,976.2,958.75
2017-04-18,1285.0,220.25,18.42,15.25,67.9,366.5,10.09,390.2,1.7229,3.164,983.1,952.5
2017-04-19,1282.05,219.0,18.22,15.24,,361.25,10.09,387.2,1.7016,3.15,976.6,947.0
2017-04-20,1279.9,217.75,18.19,15.19,65.525,361.75,10.02,387.8,1.662,3.191,974.0,950.0
2017-04-21,1281.5,219.5,17.98,15.19,63.5,357.5,9.85,390.8,1.6683,3.168,975.0,946.0
2017-04-24,1271.8,218.0,17.81,15.2,62.8,358.0,9.8,400.9,1.6416,3.094,,951.5
2017-04-25,1270.5,219.0,17.84,15.2,64.3,359.25,9.61,385.1,1.6215,3.064,,959.0
2017-04-26,1264.95,223.25,17.59,15.21,65.275,365.0,9.29,376.4,1.6045,3.052,952.5,955.0
2017-04-27,1264.3,221.25,17.46,15.18,65.25,358.75,9.205,378.8,1.5793,3.255,,944.5
2017-04-28,1265.55,222.75,17.41,15.17,66.7,360.0,9.13,378.7,1.5553,3.24,,945.0
2017-05-01,,238.75,,15.18,67.0,363.0,9.25,382.0,1.5481,3.249,,950.0
2017-05-02,1255.8,244.0,16.95,15.18,66.5,367.25,,390.2,1.5245,3.231,,958.5
2017-05-03,1253.95,248.25,16.85,,67.5,363.5,,386.6,1.5387,3.185,,959.5
2017-05-04,1235.85,,16.5,15.36,68.475,367.0,9.6,387.0,1.5264,3.22,,965.25
2017-05-05,1239.4,,16.27,15.45,69.5,359.0,,389.9,1.4825,3.199,,965.5
2017-05-08,1229.7,251.0,16.38,15.64,69.25,360.5,9.69,383.0,1.5065,3.243,918.0,962.5
2017-05-09,1225.15,,16.22,15.55,70.3,358.25,,381.0,1.5234,3.178,902.0,956.25
2017-05-10,1222.95,,16.29,15.51,70.725,358.75,9.895,380.0,1.4849,3.214,,965.25
2017-05-11,1221.0,,16.37,15.55,71.45,364.25,10.22,367.4,1.5439,3.278,,962.5
2017-05-12,1227.9,,16.3,15.62,71.65,361.0,,374.8,1.567,3.368,,953.5
2017-05-15,1231.5,241.0,16.59,15.6,,370.5,10.41,379.3,1.5785,3.387,930.7,962.5
2017-05-16,1234.05,233.5,16.72,15.63,,367.25,10.66,370.0,1.596,3.359,,964.75
2017-05-17,1244.6,228.5,16.9,15.64,79.225,367.0,10.625,372.0,1.5928,3.231,,975.5
2017-05-18,1261.35,235.5,16.81,15.6,78.625,371.5,10.905,374.0,1.5982,3.209,,972.5
2017-05-19,1251.85,236.25,16.77,15.62,78.675,366.0,10.895,368.0,1.6073,3.184,,945.5
2017-05-22,1255.25,243.0,16.95,15.6,79.075,372.75,10.845,362.3,1.6549,3.291,,953.0
2017-05-23,1259.9,246.75,17.14,15.61,78.925,374.75,11.0,362.9,1.6629,3.325,,956.25
2017-05-24,1251.35,240.0,17.03,15.62,80.5,370.0,10.84,362.8,1.6685,3.234,,948.5
2017-05-25,1257.1,239.0,17.15,15.62,80.275,371.0,11.05,363.0,1.6548,3.204,,947.75
2017-05-26,1265.0,242.5,17.29,15.61,81.2,369.25,10.94,351.3,1.6105,3.186,,939.5
2017-05-30,1262.8,244.25,17.27,15.61,81.65,373.5,10.96,356.0,1.6416,3.25,963.1,926.0
2017-05-31,1263.8,242.5,17.31,15.62,80.9,370.25,11.175,344.3,1.64,3.146,940.7,915.25
2017-06-01,1266.15,248.0,17.13,,82.375,371.5,11.11,351.0,1.6051,3.08,951.3,916.0
2017-06-02,1260.95,255.25,17.19,16.59,81.25,370.5,11.01,354.8,1.5921,3.051,932.0,912.25
2017-06-05,1280.7,247.0,17.52,16.49,81.1,373.75,11.145,351.2,1.577,3.026,957.4,924.5
2017-06-06,1287.85,243.5,17.56,16.42,81.225,372.0,11.045,352.9,1.539,2.982,955.7,921.0
2017-06-07,1292.7,256.0,17.6,16.39,81.9,378.25,11.1,357.8,1.5288,3.061,962.1,924.5
2017-06-08,1284.8,256.25,17.6,16.32,81.95,385.0,11.21,361.0,1.5023,3.019,945.8,931.0
2017-06-09,1274.25,245.0,17.35,16.25,82.4,384.25,11.23,362.5,1.4919,3.034,939.4,937.0
2017-06-12,1269.25,255.25,17.13,16.28,82.3,386.0,11.26,364.2,1.5017,3.032,942.2,942.0
2017-06-13,1261.3,252.0,16.82,16.31,82.25,379.25,11.255,370.2,1.4877,3.011,944.3,933.75
2017-06-14,1268.25,254.0,16.96,16.34,82.775,381.0,11.245,368.9,1.4856,2.962,925.0,932.0
2017-06-15,1260.25,256.25,16.86,16.35,82.85,376.75,11.05,368.7,1.432,2.943,937.3,931.75
2017-06-16,1256.6,262.75,16.76,16.34,,378.75,11.445,364.8,1.44,3.049,922.0,935.75
2017-06-19,1251.1,267.5,16.67,16.33,82.975,378.25,11.355,363.2,1.4523,2.966,929.5,936.5
2017-06-20,1246.5,269.25,16.59,16.33,84.5,376.25,11.45,368.2,1.4486,2.897,924.6,937.25
2017-06-21,1247.05,266.5,16.51,16.33,85.6,369.5,11.345,365.7,1.4228,2.897,921.4,928.0
2017-06-22,1251.4,258.0,16.58,16.36,85.95,368.75,11.155,361.8,1.4112,2.896,928.3,919.25
2017-06-23,1256.3,256.75,16.71,16.35,85.15,362.75,11.135,362.0,1.4369,2.898,926.0,906.5
2017-06-26,1240.85,253.0,16.53,16.36,85.675,358.5,11.255,362.0,1.4352,2.99,928.9,904.0
2017-06-27,1250.4,250.75,16.66,16.35,87.3,361.25,11.185,355.1,1.447,3.049,917.6,909.0
2017-06-28,1251.6,247.75,16.78,,86.9,,11.29,353.8,1.4466,3.02,919.2,
2017-06-29,1246.6,266.5,16.83,15.8,88.25,356.75,11.39,360.0,1.4922,3.08,920.9,914.25
2017-06-30,1243.25,270.0,16.47,15.69,89.975,360.0,11.78,366.5,1.488,3.037,919.0,915.0
2017-07-03,1235.2,290.0,16.48,15.76,91.05,373.25,11.61,365.6,1.5135,2.949,929.3,949.5
2017-07-04,1224.25,,16.15,,,,,,,,,
2017-07-05,1221.9,,15.95,15.58,91.3,379.5,11.6,362.2,1.534,2.952,905.8,971.75
2017-07-06,1224.3,272.0,16.01,15.73,92.475,380.0,11.65,365.6,1.5205,2.857,906.5,979.0
2017-07-07,1220.4,279.75,15.84,15.66,91.775,379.0,11.53,363.0,1.5238,2.899,907.3,979.0
2017-07-10,1207.55,305.0,15.22,15.55,91.925,387.75,,368.2,1.5064,2.898,899.4,1001.0
2017-07-11,1211.9,,15.51,15.57,91.925,393.25,,385.0,1.504,2.925,900.3,1027.75
2017-07-12,1219.4,308.0,15.83,15.67,92.5,390.5,11.79,390.4,1.5294,3.035,901.9,1023.0
2017-07-13,1221.4,304.25,15.95,15.58,92.6,376.25,11.625,390.2,1.5162,2.992,917.9,997.0
2017-07-14,1218.95,,15.71,15.59,92.75,369.0,11.35,396.5,1.526,2.959,904.1,978.0
2017-07-17,1229.85,282.0,16.07,15.63,92.55,375.75,11.76,382.4,1.5625,2.982,927.5,989.0
2017-07-18,1237.1,287.0,16.17,15.61,80.95,380.75,11.84,389.6,1.5588,3.022,926.4,997.25
2017-07-19,1239.85,292.5,16.23,15.57,,376.5,11.86,387.2,1.5849,3.082,924.5,990.25
2017-07-20,1236.55,292.25,16.18,15.53,82.65,382.5,11.77,393.3,1.6152,3.066,920.0,999.0
2017-07-21,1247.25,295.25,16.43,15.52,81.225,390.5,11.92,393.7,1.6065,3.03,,1011.25
2017-07-24,1255.85,293.0,16.5,15.52,80.725,375.5,11.92,388.8,1.5575,2.914,,1000.25
2017-07-25,1252.0,293.0,16.31,15.53,81.2,382.0,12.07,379.3,1.5597,2.907,929.3,1012.0
2017-07-26,1245.4,284.75,16.37,15.52,81.85,368.5,12.28,377.4,1.5995,2.944,,980.0
2017-07-27,1262.05,288.0,16.79,15.48,81.85,374.0,12.23,380.7,1.6161,2.926,,991.75
2017-07-28,1259.6,292.75,16.56,15.47,82.575,373.75,12.33,380.8,1.6438,2.958,926.0,992.75
2017-07-31,1266.35,290.25,16.76,15.47,81.025,371.0,12.39,378.0,1.7017,2.9,938.0,991.5
2017-08-01,1267.05,286.0,16.74,15.48,80.325,369.25,12.26,379.6,1.6777,2.81,943.1,985.25
2017-08-02,1266.65,282.5,16.67,,80.25,364.5,12.365,383.1,1.6572,2.815,947.5,960.75
2017-08-03,1261.8,289.25,16.47,16.45,82.25,365.0,12.475,386.3,1.6456,2.811,951.5,965.5
2017-08-04,1269.3,282.0,16.7,16.39,82.25,363.5,12.35,378.2,1.6323,2.792,965.8,948.0
2017-08-07,1257.55,283.75,16.13,16.38,83.625,368.75,12.315,369.8,1.6525,2.772,969.5,956.0
2017-08-08,1261.45,275.0,16.39,16.25,83.675,372.5,12.085,366.2,1.6295,2.805,970.8,967.0
2017-08-09,1267.95,273.25,16.59,16.27,83.8,369.0,12.2,373.5,1.6045,2.811,975.7,964.0
2017-08-10,1278.9,271.25,17.08,16.43,84.175,371.75,12.3,368.5,1.6223,2.877,979.7,963.75
2017-08-11,1288.3,265.25,17.09,16.41,84.6,358.75,12.26,363.2,1.5968,2.976,986.1,934.0
2017-08-14,1281.1,260.25,16.97,16.47,84.55,358.75,12.47,365.5,1.613,3.005,989.5,926.5
2017-08-15,1274.6,262.75,16.89,16.48,69.475,361.0,12.36,373.0,1.5784,2.961,972.8,932.75
2017-08-16,1270.15,257.25,16.68,16.48,,355.0,12.2,370.0,1.585,2.92,965.7,921.25
2017-08-17,1285.9,261.5,17.02,16.5,68.475,352.5,12.185,371.0,1.5639,2.891,983.5,924.0
2017-08-18,1295.25,257.5,17.15,16.52,66.5,350.0,12.115,369.6,1.5908,2.917,978.5,
2017-08-21,1287.6,254.0,17.02,16.51,65.5,350.5,12.225,368.0,1.6274,2.894,982.3,935.25
2017-08-22,1285.1,244.25,17.02,16.52,64.85,349.0,12.19,367.0,1.5905,2.963,985.7,931.25
2017-08-23,1286.45,238.25,17.06,16.54,63.6,346.25,12.2,367.9,1.5824,2.935,980.6,940.25
2017-08-24,1285.9,240.75,16.93,16.52,63.55,341.5,12.3,366.1,1.623,2.926,981.3,934.0
2017-08-25,1287.05,240.75,17.02,16.52,63.925,342.0,12.38,379.6,1.6871,2.947,982.4,939.5
2017-08-28,,246.0,,16.5,62.775,338.75,12.405,374.2,1.7601,2.924,977.3,936.0
2017-08-29,1323.4,237.0,17.6,16.51,61.625,335.5,12.3,371.6,1.7342,2.915,992.8,934.5
2017-08-30,1310.6,240.25,17.44,,60.4,333.0,12.31,377.5,1.8154,2.973,997.3,929.75
2017-08-31,1305.8,228.0,17.34,16.27,61.675,329.25,12.4,384.0,1.9148,2.945,993.5,923.5
2017-09-01,1318.4,,17.5,16.15,61.3,341.5,,387.4,1.7744,3.027,1003.0,937.25
2017-09-04,1334.6,,17.8,,,,,,,,,
2017-09-05,1331.15,,17.88,16.21,62.075,343.25,,389.8,1.7509,3.013,1012.0,945.0
2017-09-06,1340.15,,17.77,16.32,64.0,343.75,12.445,394.0,1.6835,2.97,1009.4,960.5
2017-09-07,1340.45,233.75,17.79,16.39,62.825,346.75,,390.9,1.6713,3.008,1007.6,963.0
2017-09-08,1350.9,,18.21,16.26,61.2,342.25,12.445,397.6,1.6557,2.972,1020.8,966.75
2017-09-11,1338.75,,17.85,16.3,61.825,345.25,,393.5,1.6497,2.91,1005.0,955.0
2017-09-12,1326.25,,17.75,16.21,60.725,346.0,12.41,394.3,1.6354,2.95,993.8,955.25
2017-09-13,1332.25,,17.91,16.35,58.825,339.5,12.69,396.0,1.6584,2.996,992.6,949.0
2017-09-14,1323.0,,17.75,16.26,59.475,343.25,,400.9,1.6461,3.059,982.5,967.5
2017-09-15,1325.0,238.0,17.7,16.28,58.6,353.5,12.82,411.7,1.626,3.065,986.5,975.5
2017-09-18,1314.4,236.5,17.53,16.26,60.375,353.25,12.8,377.3,1.6615,3.049,968.5,966.25
2017-09-19,1308.45,239.75,17.15,16.23,60.025,351.0,12.865,382.8,1.6704,3.151,962.6,968.5
2017-09-20,1314.9,241.5,17.38,16.27,59.35,348.0,12.8,389.5,1.663,3.118,953.5,966.0
2017-09-21,1297.35,246.25,16.95,16.33,58.55,349.5,12.79,390.1,1.6505,3.081,944.2,969.5
2017-09-22,1297.0,248.0,16.97,16.38,56.375,349.75,12.7,389.0,1.6445,2.957,939.7,970.0
2017-09-25,1295.5,247.5,16.95,16.35,55.6,352.75,12.375,392.0,1.67,2.932,933.8,983.5
2017-09-26,1306.9,250.75,17.01,16.38,56.525,352.75,12.05,389.8,1.7312,2.921,941.2,971.25
2017-09-27,1291.3,248.0,16.89,16.35,55.4,352.0,11.93,387.7,1.6926,2.917,924.0,963.5
2017-09-28,1284.3,249.0,16.82,16.38,55.575,353.25,11.9,397.8,1.6365,3.059,921.3,965.25
2017-09-29,1286.95,249.25,16.86,16.38,55.4,352.25,11.975,403.8,1.6305,3.022,922.0,959.25
2017-10-02,1273.1,252.0,16.58,16.37,55.85,354.75,12.005,402.2,1.5875,3.018,910.0,967.5
2017-10-03,1270.7,252.5,16.61,16.38,58.075,351.5,12.05,407.0,1.5553,2.925,910.8,956.75
2017-10-04,1275.55,250.75,16.825,,60.5,349.25,12.035,412.3,1.5491,2.905,912.6,955.25
2017-10-05,1278.4,246.75,16.66,16.65,60.675,348.25,12.035,407.8,1.5815,2.934,910.0,958.25
2017-10-06,1268.2,247.25,16.625,16.8,61.375,349.25,11.925,412.0,1.6192,2.895,911.6,968.0
2017-10-09,1282.15,251.5,16.92,16.8,59.325,350.5,11.915,414.0,1.5575,2.859,913.5,974.5
2017-10-10,1289.6,248.5,17.12,16.65,59.675,349.0,11.845,416.3,1.5551,2.836,931.9,966.25
2017-10-11,1290.2,250.75,17.15,16.7,60.75,348.75,12.03,408.1,1.5935,2.882,932.2,965.5
2017-10-12,1294.45,252.75,17.195,16.68,61.475,346.0,12.065,411.8,1.6083,2.906,,965.0
2017-10-13,1293.9,262.0,17.2,16.68,60.9,348.5,12.23,422.5,1.5855,2.995,938.8,991.0
2017-10-16,1305.15,267.0,17.41,16.71,62.5,352.75,12.19,426.4,1.6222,2.96,940.0,998.0
2017-10-17,1289.7,259.75,17.11,16.78,,350.25,12.12,433.5,1.6195,2.955,934.5,990.0
2017-10-18,1280.65,267.75,16.95,16.8,62.3,350.25,12.13,425.0,1.6312,2.923,930.0,984.75
2017-10-19,1283.4,266.5,17.025,16.62,64.0,348.75,11.865,422.1,1.6502,2.868,918.6,983.75
2017-10-20,1280.25,270.0,17.075,16.6,64.275,349.0,11.95,428.0,1.6459,2.886,921.1,985.25
2017-10-23,1275.25,268.5,16.995,16.61,64.9,344.25,12.1,424.1,1.6841,3.001,,977.0
2017-10-24,1278.3,275.0,17.035,16.61,63.5,351.0,11.95,443.0,1.6748,2.971,921.2,980.0
2017-10-25,1273.0,279.25,16.89,16.61,63.875,352.5,11.635,439.0,1.7334,2.991,,975.75
2017-10-26,1278.0,275.75,16.97,16.7,64.625,350.75,11.65,439.5,1.7348,2.929,920.2,975.5
2017-10-27,1267.8,267.0,16.72,16.7,65.0,350.25,11.535,442.1,1.7529,2.899,,971.0
2017-10-30,1272.75,264.5,16.735,16.71,64.45,348.5,11.62,447.0,1.775,2.938,916.9,975.25
2017-10-31,1274.4,264.0,16.82,16.72,65.625,348.0,11.45,452.2,1.7663,2.988,922.3,972.75
2017-11-01,1279.25,266.0,16.94,,67.95,345.75,11.29,463.9,1.7489,2.906,920.8,974.5
2017-11-02,1276.4,272.0,17.08,16.65,66.475,347.75,11.25,468.6,1.746,2.9,935.4,979.5
2017-11-03,1275.3,265.0,17.085,16.56,66.05,350.25,11.1,447.1,1.7812,2.935,927.1,988.25
2017-11-06,1271.6,262.5,16.915,16.54,65.075,348.5,11.195,448.6,1.7902,3.085,922.1,977.25
2017-11-07,1276.35,268.5,17.005,16.54,64.6,347.75,11.335,463.0,1.8247,3.125,937.9,986.0
2017-11-08,1282.25,269.75,16.995,16.46,64.125,347.5,,464.0,1.806,3.151,925.2,985.25
2017-11-09,1284.0,268.75,17.1,16.6,63.575,347.5,,461.5,1.8272,3.152,933.7,988.0
2017-11-10,1284.45,275.75,17.0,16.77,63.1,341.75,,463.0,1.8187,3.208,939.9,976.75
2017-11-13,1278.4,273.0,16.925,16.8,62.575,343.5,11.12,470.9,1.8284,3.2,930.7,977.25
2017-11-14,1273.7,274.0,16.935,16.83,62.4,342.0,11.155,468.0,1.7881,3.141,934.7,966.0
2017-11-15,1285.7,276.25,17.115,16.84,60.275,337.25,11.53,465.0,1.7348,3.078,927.8,969.0
2017-11-16,1277.7,268.25,17.04,16.85,61.425,338.25,12.065,452.2,1.7324,3.087,932.9,976.5
2017-11-17,1283.85,262.25,17.085,16.79,60.2,336.5,12.13,451.9,1.7188,3.072,934.4,972.75
2017-11-20,1292.35,256.25,17.145,16.79,60.825,342.5,12.285,438.5,1.7455,3.07,954.2,990.0
2017-11-21,1280.0,253.75,17.0,16.83,62.45,344.0,12.305,429.1,1.7406,3.032,926.2,990.0
2017-11-22,1283.95,256.25,16.965,16.8,61.25,344.25,12.31,435.0,1.7661,3.013,935.8,988.5
2017-11-23,1290.15,,17.095,,,,,,,,,
2017-11-24,1289.15,250.5,17.05,,63.2,344.25,12.39,425.6,1.7635,2.961,941.1,995.0
2017-11-27,1294.7,249.5,17.1,16.81,63.675,342.5,12.39,421.1,1.7861,2.927,944.9,993.75
2017-11-28,1293.9,251.0,17.07,16.79,64.5,339.0,12.26,420.7,1.7905,2.947,950.6,996.0
2017-11-29,1294.85,245.25,16.895,,66.1,335.75,12.315,428.6,1.7664,3.131,951.5,993.25
2017-11-30,1282.15,245.75,16.57,15.27,65.4,339.25,12.37,421.0,1.732,3.175,941.4,992.75
2017-12-01,1277.25,245.75,16.42,15.35,64.6,341.75,12.485,432.3,1.7321,3.032,944.4,985.75
2017-12-04,1279.1,,16.33,15.32,65.425,344.75,12.475,437.4,1.7365,3.091,938.4,998.25
2017-12-05,1275.9,240.0,16.285,15.35,65.075,339.75,12.2,426.2,1.6935,2.976,927.6,998.5
2017-12-06,1268.55,,16.115,15.44,64.55,339.0,12.255,420.0,1.7007,2.91,917.0,1008.0
2017-12-07,1256.8,,15.91,15.39,63.975,339.0,12.15,423.6,1.6667,2.91,901.4,1003.5
2017-12-08,1245.85,226.75,15.825,15.59,63.8,338.5,12.135,424.0,1.698,2.769,894.5,991.75
2017-12-11,1251.4,,15.835,15.58,63.9,340.0,12.105,429.7,1.7158,2.831,890.0,989.0
2017-12-12,1243.4,,15.78,15.64,63.725,336.5,12.2,425.7,1.7266,2.801,887.4,981.75
2017-12-13,1241.6,236.25,15.705,15.57,63.825,337.25,12.2,420.9,1.7033,2.696,880.6,976.0
2017-12-14,1255.6,,16.01,15.51,63.95,337.0,11.835,427.9,1.6537,2.704,886.9,979.5
2017-12-15,1257.25,252.25,15.985,15.52,67.525,348.75,11.75,428.0,1.675,2.686,881.9,968.0
2017-12-18,1258.65,252.5,16.09,15.5,,347.25,11.715,435.0,1.6555,2.65,892.7,970.5
2017-12-19,1263.1,252.0,16.155,15.49,67.575,346.75,11.745,437.2,1.6747,2.734,911.0,962.25
2017-12-20,1265.95,247.0,16.185,15.43,67.4,347.5,11.71,431.2,1.6992,2.722,915.3,955.75
2017-12-21,1265.85,244.5,16.145,15.43,68.6,349.0,11.8,429.8,1.7369,2.654,920.6,953.5
2017-12-22,1268.05,244.25,16.175,15.42,68.9,350.75,11.905,445.1,1.7449,2.62,917.8,948.0
2017-12-26,,241.75,,15.43,70.25,352.0,11.96,453.0,1.7535,2.708,919.8,952.25
2017-12-27,1285.4,244.0,16.5,15.43,71.525,352.0,11.785,449.7,1.7866,2.639,924.5,958.75
2017-12-28,1291.6,242.5,16.74,15.42,71.1,353.0,11.805,449.1,1.7876,2.749,923.2,955.0
2017-12-29,1296.5,243.0,16.865,15.39,71.75,351.25,11.6,446.7,1.79,2.93,926.9,945.0
2018-01-02,1312.8,240.75,17.06,,72.0,351.25,,449.0,1.793,3.03,937.9,956.5
2018-01-03,1314.6,243.0,17.125,,71.1,353.0,11.535,452.4,1.7601,3.04,941.5,956.25
2018-01-04,1313.7,245.0,17.13,,71.45,353.0,,457.3,1.8066,3.015,955.5,959.25
2018-01-05,1317.9,245.5,17.155,14.02,71.5,350.75,11.52,456.9,1.8095,2.877,963.0,960.0
2018-01-08,1318.8,249.0,17.17,13.92,71.675,350.75,,460.1,1.7892,2.812,970.8,960.75
2018-01-09,1314.95,250.25,17.055,13.84,73.325,347.5,,461.4,1.7984,2.838,,958.75
2018-01-10,1321.65,249.0,17.135,13.8,73.5,348.75,,472.0,1.8451,2.962,,953.25
2018-01-11,1319.85,251.0,17.01,13.8,72.5,349.0,,484.9,1.8343,2.906,986.9,946.0
2018-01-12,1332.9,250.0,17.12,13.85,71.0,348.75,,494.0,1.8354,3.137,992.0,940.25
2018-01-15,1343.0,,17.325,,,,,,,,,
2018-01-16,1334.95,249.25,17.095,13.75,72.075,347.25,11.905,469.5,1.85,3.131,,965.0
2018-01-17,1337.35,250.25,17.21,13.81,73.65,348.5,12.095,473.4,1.8411,3.125,1004.7,966.25
2018-01-18,1329.75,255.0,17.09,13.82,72.875,352.5,12.145,477.5,1.8718,3.251,1004.5,968.75
2018-01-19,1335.8,259.0,17.04,13.87,73.05,351.5,12.09,481.1,1.881,3.198,1012.4,972.5
2018-01-22,1334.15,258.5,17.035,13.89,72.275,353.5,12.12,480.0,1.8664,3.252,997.0,980.5
2018-01-23,1337.1,266.25,16.98,13.9,72.175,351.75,12.145,473.9,1.8884,3.254,,983.0
2018-01-24,1350.5,270.75,17.19,13.88,72.3,351.25,12.19,473.1,1.9069,3.541,,985.75
2018-01-25,1360.25,276.0,17.52,13.91,73.325,356.0,12.13,475.0,1.9209,3.439,1022.6,992.0
2018-01-26,1354.35,261.0,17.4,13.9,72.7,355.0,12.14,485.1,1.9039,3.437,,990.25
2018-01-29,1348.4,265.25,17.335,13.91,72.65,356.75,12.3,489.9,1.9432,3.39,,992.25
2018-01-30,1345.7,269.75,17.295,13.91,72.6,359.5,12.405,472.3,1.9363,3.187,1001.0,994.5
2018-01-31,1343.35,270.25,17.23,,72.75,361.5,12.38,468.1,1.8798,3.165,1006.7,1000.0
2018-02-01,1341.1,265.75,17.19,13.42,73.75,360.75,12.415,474.2,1.8947,2.956,998.9,995.25
2018-02-02,1345.0,266.75,17.135,13.62,75.15,361.0,12.36,481.1,1.9014,2.891,1005.7,985.75
2018-02-05,1337.1,266.5,16.875,13.66,75.45,359.5,12.44,479.7,1.872,2.825,992.4,976.25
2018-02-06,1344.65,266.25,16.805,13.76,75.5,358.75,12.505,474.0,1.8344,2.767,998.3,969.75
2018-02-07,1328.5,270.75,16.69,13.64,74.75,363.75,12.545,484.5,1.8177,2.761,993.5,988.75
2018-02-08,1311.05,273.75,16.345,13.46,73.85,365.0,12.46,493.2,1.7655,2.702,981.9,983.25
2018-02-09,1316.05,269.75,16.355,13.43,73.675,364.75,12.35,493.0,1.7487,2.694,971.0,987.5
2018-02-12,1321.7,268.0,16.425,13.5,73.3,365.0,12.27,482.8,1.7029,2.554,967.8,995.5
2018-02-13,1329.4,274.75,16.605,13.48,73.3,366.5,12.4,486.6,1.6802,2.566,973.6,1001.0
2018-02-14,1330.75,273.75,16.58,13.47,73.35,366.5,12.26,495.1,1.6735,2.608,993.0,1011.25
2018-02-15,1353.7,266.25,16.825,13.46,70.725,367.0,12.2,504.3,1.7128,2.613,997.2,1016.5
2018-02-16,1358.6,268.5,16.835,13.49,,368.0,11.95,510.0,1.7426,2.584,1004.3,1023.5
2018-02-19,1347.4,,16.72,,,,,,,,,
2018-02-20,1337.4,267.0,16.57,13.49,68.475,369.0,12.04,514.1,1.7489,2.568,1008.5,1031.5
2018-02-21,1328.6,266.0,16.435,13.5,69.875,365.75,11.86,520.7,1.749,2.638,992.8,1027.75
2018-02-22,1323.5,258.0,16.465,13.46,69.825,365.5,11.99,525.8,1.7516,2.657,990.3,1034.0
2018-02-23,1328.9,257.0,16.61,13.44,71.3,366.25,12.035,521.7,1.7661,2.619,,1031.0
2018-02-26,1339.05,261.5,16.67,13.44,71.15,366.5,11.995,530.5,1.815,2.635,1004.5,1039.5
2018-02-27,1332.75,261.0,16.61,13.44,70.075,368.25,11.905,523.2,1.8299,2.682,984.7,1034.0
2018-02-28,1320.3,264.0,16.44,,69.4,370.5,12.01,521.2,1.7965,2.693,,1037.75
2018-03-01,1311.25,261.5,16.315,14.04,67.5,374.0,12.42,516.6,1.9264,2.668,,1043.75
2018-03-02,1316.75,268.75,16.445,14.08,67.45,377.75,12.32,513.4,1.8935,2.693,,1057.0
2018-03-05,1326.3,263.25,16.51,14.1,67.925,376.25,12.3,514.1,1.9144,2.717,,1063.5
2018-03-06,1324.95,265.5,16.62,14.14,69.275,377.75,,510.5,1.934,2.706,,1066.0
2018-03-07,1332.5,,16.645,14.11,68.075,378.75,12.45,509.7,1.9373,2.75,,1058.0
2018-03-08,1325.4,,16.48,14.16,67.175,378.5,,497.0,1.9187,2.786,,1052.5
2018-03-09,1319.35,,16.485,14.16,67.75,385.0,,492.0,1.872,2.742,,1049.75
2018-03-12,1317.25,,16.455,14.22,67.5,382.75,,507.8,1.9004,2.731,,1023.0
2018-03-13,1318.7,262.0,16.51,14.17,67.675,383.75,,505.6,1.898,2.788,,1035.5
2018-03-14,1324.95,,16.605,14.21,67.45,386.5,,517.2,1.8917,2.787,,1042.25
2018-03-15,1323.35,256.0,16.52,14.25,66.4,388.25,12.33,515.7,1.9206,2.738,,1031.0
2018-03-16,1320.05,253.5,16.475,14.3,65.7,386.25,12.41,493.3,1.9196,2.685,,1042.0
2018-03-19,1311.7,242.0,16.285,14.29,65.25,382.0,12.435,484.5,1.9421,2.683,,1045.25
2018-03-20,1312.75,236.0,16.25,14.3,63.275,375.25,12.285,487.1,1.9291,2.66,,1022.25
2018-03-21,1316.35,235.75,16.245,14.27,63.6,375.0,12.22,487.9,1.9723,2.677,,1029.5
2018-03-22,1328.85,229.5,16.52,14.21,62.625,375.5,12.305,481.3,2.0177,2.648,,1032.0
2018-03-23,1342.35,228.25,16.53,14.19,60.325,376.25,12.3,482.7,2.0049,2.619,,1026.5
2018-03-26,1348.4,227.5,16.61,14.21,58.825,378.5,12.37,488.2,2.0255,2.588,,1026.25
2018-03-27,1350.65,227.75,16.64,14.22,58.0,374.0,12.42,499.4,2.0101,2.631,,1027.0
2018-03-28,1341.05,226.0,16.455,14.21,56.85,374.25,12.465,507.0,2.0117,2.718,944.9,1019.5
2018-03-29,1323.9,222.75,16.28,14.24,57.05,373.75,12.425,510.9,2.0154,2.706,938.0,1019.5
2018-04-02,,226.5,,14.23,56.5,389.25,12.375,518.0,2.021,2.73,934.3,1045.25
2018-04-03,1336.6,232.75,16.52,14.23,54.35,387.0,12.32,513.0,1.9676,2.679,933.9,1036.25
2018-04-04,1343.15,234.0,16.46,,51.75,388.0,12.405,526.4,1.9741,2.696,,1038.75
2018-04-05,1327.05,230.0,16.305,14.48,53.175,382.0,12.385,527.8,1.9875,2.712,908.7,1015.5
2018-04-06,1325.6,231.0,16.275,14.35,52.65,382.0,12.36,538.5,1.988,2.68,907.5,1003.0
2018-04-09,1328.5,236.75,16.34,14.42,52.25,389.75,12.495,533.3,1.9525,2.679,,1038.25
2018-04-10,1335.95,237.5,16.49,14.49,53.25,390.0,12.8,538.1,1.9804,2.699,931.7,1045.5
2018-04-11,1345.2,236.75,16.565,14.42,53.8,389.25,12.77,532.7,2.0329,2.661,929.5,1050.75
2018-04-12,1345.9,238.75,16.655,14.41,53.75,386.5,12.81,520.8,2.0637,2.675,,1047.75
2018-04-13,1340.75,239.0,16.505,14.4,54.2,388.5,12.9,526.0,2.0598,2.689,,1060.25
2018-04-16,1344.4,233.5,16.6,14.41,69.2,385.0,13.055,530.1,2.0653,2.753,,1054.25
2018-04-17,1342.95,230.25,16.625,14.43,,383.0,13.015,535.5,2.0457,2.747,,1043.25
2018-04-18,1346.55,228.75,16.945,14.45,68.0,380.75,13.11,543.4,2.046,2.741,942.2,1046.25
2018-04-19,1347.9,235.75,17.195,14.49,69.975,382.75,13.165,550.6,2.074,2.744,947.8,1041.75
2018-04-20,1340.15,236.0,17.11,14.51,70.15,381.25,13.005,549.9,2.0772,2.675,925.9,1037.0
2018-04-23,1328.0,232.75,16.935,14.53,69.425,376.5,13.0,547.2,2.0925,2.745,919.3,1027.5
2018-04-24,1327.35,226.25,16.595,14.51,67.7,378.5,13.07,550.1,2.1346,2.745,,1020.75
2018-04-25,1325.7,222.0,16.565,14.52,67.05,381.0,13.1,556.6,2.0952,2.782,,1022.25
2018-04-26,1321.9,224.5,16.575,14.5,68.0,386.0,13.07,560.6,2.0903,2.787,907.6,1027.25
2018-04-27,1317.7,222.0,16.53,14.51,67.3,385.25,12.7,564.1,2.1143,2.826,910.0,1028.5
2018-04-30,1316.25,225.0,16.38,14.5,65.95,390.75,12.755,571.4,2.1194,2.763,898.2,1046.25
2018-05-01,1309.2,226.0,16.25,14.51,66.475,393.0,12.62,577.2,2.13,2.764,,1038.75
2018-05-02,1310.75,,16.35,,67.775,396.25,12.685,595.1,2.0796,2.805,,1041.25
2018-05-03,1313.3,,16.465,15.22,67.0,396.0,,592.0,2.0711,2.759,,1032.75
2018-05-04,1309.35,,16.415,15.11,66.55,399.5,12.675,595.5,2.095,2.731,,1038.5
2018-05-07,,,,15.13,66.775,397.25,12.6,603.0,2.1174,2.71,,1025.0
2018-05-08,1310.05,226.75,16.445,15.31,66.375,392.75,12.485,605.1,2.1221,2.736,,1004.25
2018-05-09,1306.85,,16.44,15.28,66.5,396.25,12.465,598.0,2.1334,2.739,,1011.25
2018-05-10,1314.8,,16.6,15.3,66.0,395.5,12.445,596.2,2.1691,2.736,,1008.0
2018-05-11,1324.8,,16.76,15.22,65.675,394.0,12.35,605.0,2.1909,2.808,922.4,1008.75
2018-05-14,1320.7,,16.645,15.25,65.45,388.5,,610.5,2.1852,2.825,,1007.25
2018-05-15,1310.05,236.0,16.41,15.24,76.225,396.25,12.485,654.5,2.205,2.834,,1017.25
2018-05-16,1291.75,240.5,16.255,15.3,,401.75,12.5,629.0,2.1998,2.827,,1017.75
2018-05-17,1288.85,241.0,16.385,15.23,75.625,399.0,12.545,635.0,2.2499,2.817,,1001.0
2018-05-18,1287.2,240.75,16.39,15.23,76.475,395.25,12.52,639.8,2.2489,2.853,,995.75
2018-05-21,1285.85,243.0,16.34,15.21,75.2,405.5,12.35,612.9,2.2333,2.826,,1017.5
2018-05-22,1293.9,243.5,16.58,15.21,73.375,402.25,12.235,594.0,2.2629,2.827,,1022.0
2018-05-23,1294.0,249.75,16.53,15.23,73.25,404.5,12.375,579.0,2.2592,2.902,,1030.5
2018-05-24,1296.35,252.0,16.51,15.19,74.275,408.25,11.9,589.3,2.2588,2.924,,1039.75
2018-05-25,1303.95,246.75,16.67,15.18,74.675,404.0,11.505,599.3,2.2326,2.931,,1036.75
2018-05-29,1302.05,249.25,16.475,15.17,74.6,408.75,11.56,614.3,2.1701,,,1045.25
2018-05-30,1298.6,244.75,16.37,15.18,75.975,398.25,11.45,610.8,2.147,2.901,905.6,1030.5
2018-05-31,1303.5,238.75,16.55,,77.0,393.5,11.66,591.0,2.1906,2.891,909.4,1023.0
2018-06-01,1299.15,246.0,16.42,15.54,77.3,393.75,11.61,604.8,2.1656,2.951,906.5,1019.25
2018-06-04,1294.65,245.5,16.44,15.47,77.55,389.75,11.495,589.8,2.14,2.974,904.6,1013.25
2018-06-05,1292.25,241.0,16.385,15.36,76.725,380.75,11.24,584.0,2.1247,2.92,902.0,1002.25
2018-06-06,1295.25,245.75,16.545,15.28,77.175,384.25,10.93,590.0,2.0936,2.888,901.9,1004.5
2018-06-07,1298.3,243.5,16.745,15.38,78.75,379.0,11.52,596.8,2.0772,2.9,906.8,995.0
2018-06-08,1299.2,239.0,16.72,15.44,79.0,376.25,11.195,598.9,2.1176,2.934,900.7,974.25
2018-06-11,1296.05,244.5,16.76,15.45,80.3,376.5,11.19,584.0,2.1125,2.927,908.6,966.75
2018-06-12,1298.3,242.25,16.855,15.41,80.5,368.0,11.71,572.0,2.105,2.954,905.5,956.5
2018-06-13,1294.4,242.5,16.905,15.4,80.7,377.5,11.91,562.7,2.0815,2.941,900.1,954.0
2018-06-14,1305.3,233.25,17.125,15.39,81.15,374.0,12.11,540.0,2.1208,2.958,905.0,933.75
2018-06-15,1300.1,228.25,17.225,15.36,81.475,364.5,12.255,565.8,2.0934,2.966,906.4,926.25
2018-06-18,1281.25,234.5,16.605,15.38,,359.5,12.38,560.2,2.0151,3.051,887.0,905.5
2018-06-19,1279.0,233.5,16.355,15.35,82.6,355.75,12.745,539.2,2.0524,2.952,884.3,905.0
2018-06-20,1273.25,235.75,16.285,15.35,81.95,354.0,12.25,525.2,2.0292,2.918,868.8,890.75
2018-06-21,1263.7,238.75,16.245,15.27,79.975,354.25,12.635,524.3,2.018,2.966,871.4,889.5
2018-06-22,1269.7,240.0,16.425,15.26,80.25,358.0,12.695,562.0,2.0175,2.982,863.5,879.25
2018-06-25,1269.8,243.0,16.375,15.24,79.2,358.5,12.57,555.0,2.0652,2.926,876.5,896.5
2018-06-26,1257.15,240.0,16.225,15.22,78.425,350.5,12.475,559.2,2.0515,2.931,868.8,873.25
2018-06-27,1256.8,241.0,16.21,15.23,79.55,352.0,12.475,562.0,2.087,2.954,869.0,868.0
2018-06-28,1250.5,248.0,16.11,15.24,80.4,351.5,11.84,552.4,2.1223,2.988,858.8,865.25
2018-06-29,1250.55,249.0,16.03,15.24,80.425,345.75,11.41,563.0,2.1335,2.951,849.7,861.25
2018-07-02,1249.0,248.0,15.98,15.27,83.075,352.25,11.99,577.4,2.1468,2.92,838.9,860.0
2018-07-03,1245.85,254.0,15.93,15.27,83.5,340.25,,571.7,2.1043,2.861,817.0,849.5
2018-07-04,1256.9,,16.045,,,,,,,,,
2018-07-05,1252.5,248.0,15.95,,83.9,345.5,,561.8,2.1198,2.858,838.0,843.5
2018-07-06,1254.2,265.0,15.995,14.26,82.75,342.0,12.2,557.2,2.1355,2.83,843.5,836.0
2018-07-09,1262.6,,16.205,14.2,81.875,346.0,11.925,562.2,2.1075,2.839,853.5,867.5
2018-07-10,1253.7,258.0,15.93,14.18,80.725,344.25,,560.0,2.152,2.829,851.0,849.0
2018-07-11,1250.0,,15.915,14.2,79.8,336.0,,559.1,2.1695,2.787,837.0,840.5
2018-07-12,1244.85,256.0,15.84,14.25,80.25,332.25,,540.2,2.062,2.822,,832.75
2018-07-13,1240.5,,15.81,14.29,79.925,332.25,11.84,578.4,2.0721,2.802,826.9,831.5
2018-07-16,1244.9,237.0,15.81,14.28,79.925,340.0,11.98,519.0,2.0955,2.765,820.8,818.5
2018-07-17,1243.65,231.25,15.77,14.27,69.725,345.0,12.025,517.6,2.006,2.768,,833.25
2018-07-18,1223.45,231.0,15.44,14.24,,346.25,11.955,503.8,2.0135,2.744,,839.0
2018-07-19,1217.4,234.5,15.26,14.21,67.525,347.0,11.93,484.9,2.0497,2.731,814.4,842.0
2018-07-20,1224.85,232.0,15.37,14.21,66.6,351.25,11.86,485.6,2.0491,2.767,825.5,846.0
2018-07-23,1229.45,232.75,15.485,14.2,66.5,356.0,11.89,485.9,2.065,2.737,,853.25
2018-07-24,1224.3,231.5,15.51,14.19,66.525,355.25,11.975,480.0,2.091,2.723,,844.0
2018-07-25,1230.55,230.0,15.565,14.18,66.1,352.25,12.045,495.3,2.1094,2.739,,860.0
2018-07-26,1228.35,233.0,15.535,14.13,65.95,361.0,12.035,488.0,2.121,2.777,826.5,870.0
2018-07-27,1219.15,232.5,15.355,14.13,64.225,361.0,11.96,468.1,2.16,2.775,827.5,858.25
2018-07-30,1222.05,233.5,15.49,14.13,63.975,364.0,12.0,453.3,2.1652,2.794,832.0,878.5
2018-07-31,1219.2,232.25,15.43,14.12,62.7,367.0,11.935,446.9,2.1604,2.801,831.4,875.5
2018-08-01,1222.75,236.75,15.475,,61.0,372.0,11.88,455.4,2.0773,2.78,840.8,898.0
2018-08-02,1217.6,237.5,15.45,14.76,59.875,365.0,11.87,425.4,2.0461,2.745,818.5,886.75
2018-08-03,1207.7,244.0,15.36,14.86,58.875,366.75,11.61,420.9,2.0631,2.819,824.7,878.5
2018-08-06,1212.0,249.0,15.345,14.89,58.45,370.0,11.575,425.5,2.0664,2.851,832.9,880.5
2018-08-07,1215.4,261.25,15.465,14.81,56.775,371.0,11.285,422.6,2.0641,2.861,824.1,887.75
2018-08-08,1212.35,257.75,15.345,14.82,55.35,370.5,10.92,418.8,2.0935,2.893,832.0,892.0
2018-08-09,1215.5,263.75,15.48,14.93,54.45,371.0,10.64,406.5,2.018,2.943,833.6,890.5
2018-08-10,1211.65,261.5,15.375,14.95,55.15,368.5,10.77,414.7,2.0015,2.946,835.0,886.25
2018-08-13,1204.4,256.75,15.185,15.08,55.125,357.5,10.555,421.5,2.0411,2.936,830.4,838.0
2018-08-14,1195.3,258.0,15.035,15.03,55.325,356.5,10.315,441.8,2.0275,2.926,804.2,858.5
2018-08-15,1186.7,259.0,14.825,15.03,51.825,362.25,10.215,446.4,2.0259,2.952,802.0,867.75
2018-08-16,1179.65,250.0,14.605,15.0,,361.5,10.33,457.5,1.991,2.939,768.3,859.75
2018-08-17,1176.7,254.25,14.66,15.01,56.375,365.0,10.565,466.3,1.9872,2.908,779.8,884.75
2018-08-20,1188.75,260.0,14.755,15.02,59.15,365.25,10.325,486.1,1.9805,2.94,787.9,889.75
2018-08-21,1194.1,259.0,14.785,15.02,56.55,362.75,10.27,475.8,2.0108,2.953,795.9,874.0
2018-08-22,1196.85,256.75,14.81,15.02,55.1,359.25,10.54,464.9,2.0222,2.991,796.7,873.5
2018-08-23,1187.3,260.25,14.625,15.01,53.1,353.0,10.82,450.1,2.0694,2.958,794.3,857.5
2018-08-24,1189.95,263.25,14.62,15.01,50.65,346.5,10.83,441.8,2.0624,2.972,776.7,841.5
2018-08-27,,259.0,,15.01,51.775,348.5,10.79,439.9,2.0735,2.908,791.0,838.25
2018-08-28,1212.75,247.75,14.9,15.02,55.6,345.75,10.51,451.2,2.0881,2.876,803.6,833.25
2018-08-29,1204.3,249.0,14.69,,51.75,341.0,10.59,442.4,2.0765,2.857,790.2,820.75
2018-08-30,1202.35,249.5,14.665,16.47,51.35,341.5,10.8,438.8,2.1123,2.875,798.5,823.0
2018-08-31,1206.85,242.0,14.655,16.45,49.8,341.0,10.65,429.1,2.1435,2.886,790.4,816.0
2018-09-03,1201.7,,14.525,,,,,,,,,
2018-09-04,1195.75,239.5,14.25,16.55,51.65,351.5,10.82,435.5,1.9963,2.9,786.8,832.0
2018-09-05,1194.7,,14.17,16.58,51.55,356.0,10.95,450.2,1.9918,2.815,777.5,835.25
2018-09-06,1204.3,245.0,14.265,16.49,53.275,353.5,10.8,443.8,1.9626,2.793,784.7,828.25
2018-09-07,1200.75,246.0,14.185,16.18,55.125,352.75,,437.5,1.9555,2.777,791.0,826.5
2018-09-10,1195.8,247.5,14.215,16.28,56.4,353.25,,446.5,1.9749,2.77,783.1,832.25
2018-09-11,1194.0,,14.125,16.26,56.575,357.25,,449.1,1.9595,2.807,787.1,836.75
2018-09-12,1197.8,,14.155,16.1,54.65,354.25,,445.5,2.0197,2.828,792.3,820.5
2018-09-13,1206.65,,14.225,16.11,55.85,344.5,,432.3,2.0355,2.824,801.7,828.25
2018-09-14,1206.2,,14.215,16.13,56.325,338.5,,419.5,1.9987,2.81,803.4,
2018-09-17,1196.8,241.0,14.17,16.11,56.325,351.0,10.51,371.0,1.9699,2.774,797.2,827.5
2018-09-18,1199.4,242.75,14.21,16.11,57.4,348.0,10.3,358.9,1.9736,2.814,800.0,821.0
2018-09-19,1203.0,248.25,14.185,16.14,59.775,343.0,10.085,349.6,2.005,2.926,813.5,813.75
2018-09-20,1203.0,250.0,14.23,16.14,60.7,345.25,9.81,352.0,2.023,2.904,824.1,830.0
2018-09-21,1207.6,249.0,14.33,16.14,61.5,352.5,9.885,335.1,2.0163,2.962,835.8,846.25
2018-09-24,1198.75,253.25,14.315,16.14,60.775,357.25,9.915,343.5,2.021,2.973,827.6,844.0
2018-09-25,1199.45,259.0,14.29,16.11,61.65,360.25,9.83,335.0,2.06,3.043,828.0,841.25
2018-09-26,1198.8,257.75,14.475,16.14,62.8,363.5,9.875,337.9,2.0595,3.079,824.3,846.25
2018-09-27,1196.0,258.75,14.42,16.1,62.2,363.0,9.785,353.6,2.0695,2.972,823.0,848.25
2018-09-28,1183.5,260.5,14.305,16.11,61.875,364.5,9.785,352.0,2.0848,3.057,809.0,854.25
2018-10-01,1185.3,266.25,14.55,16.11,62.8,356.75,9.85,343.1,2.0908,3.007,812.0,845.5
2018-10-02,1192.65,269.75,14.505,16.12,64.5,365.0,10.18,335.2,2.1335,3.114,818.5,856.75
2018-10-03,1203.5,273.75,14.735,,67.0,367.75,10.26,342.0,2.1273,3.164,832.3,866.0
2018-10-04,1199.45,275.0,14.63,15.77,66.8,364.75,10.45,357.1,2.1354,3.238,830.4,860.0
2018-10-05,1201.1,287.5,14.635,15.87,67.8,367.5,10.735,360.7,2.1105,3.189,821.4,860.0
2018-10-08,1194.8,285.75,14.465,15.81,68.9,368.5,10.735,352.5,2.0876,3.182,821.8,870.0
2018-10-09,1187.4,282.25,14.325,15.83,68.4,366.5,10.85,347.5,2.0841,3.281,819.0,869.75
2018-10-10,1186.4,286.0,14.375,15.77,68.925,364.5,10.93,346.0,2.07,3.306,825.0,863.0
2018-10-11,1201.1,283.25,14.4,15.72,68.8,362.0,10.915,331.0,1.998,3.276,,852.0
2018-10-12,1218.75,286.5,14.6,15.65,68.7,369.0,10.685,320.9,1.934,3.234,,859.5
2018-10-15,1233.0,287.5,14.74,15.6,55.25,373.0,10.6,324.1,1.9508,3.224,844.8,867.0
2018-10-16,1228.85,300.75,14.755,15.61,,377.25,10.715,327.2,1.9408,3.258,,891.25
2018-10-17,1226.75,302.25,14.65,15.66,56.15,375.0,10.87,337.9,1.9854,3.253,839.9,883.5
2018-10-18,1224.6,293.0,14.515,15.56,54.375,373.0,10.93,334.0,1.9253,3.319,829.4,882.25
2018-10-19,1228.25,296.25,14.61,15.54,52.9,370.5,10.965,322.8,1.8911,3.226,833.2,865.25
2018-10-22,1222.9,295.0,14.63,15.55,52.2,365.5,11.04,322.0,1.9151,3.227,833.2,855.75
2018-10-23,1235.6,295.5,14.715,15.53,53.75,369.25,10.775,318.5,1.9096,3.134,821.0,857.5
2018-10-24,1231.65,296.25,14.745,15.53,55.1,369.5,10.805,312.4,1.8294,3.216,,855.75
2018-10-25,1232.15,292.0,14.74,15.53,57.925,367.75,10.82,305.7,1.7996,3.185,,850.0
2018-10-26,1236.05,285.0,14.69,15.54,56.925,361.75,10.82,313.2,1.8062,3.169,,842.0
2018-10-29,1230.75,292.0,14.65,15.54,58.5,368.0,10.71,312.2,1.8121,3.139,,845.0
2018-10-30,1220.0,286.5,14.425,15.52,59.525,366.75,10.44,308.7,1.8092,3.184,836.5,839.0
2018-10-31,1217.7,280.75,14.34,,59.7,364.75,10.4,307.0,1.81,3.21,839.4,832.75
2018-11-01,1223.25,277.0,14.45,14.8,57.825,363.25,10.68,320.5,1.7445,3.284,840.9,837.0
2018-11-02,1235.5,281.0,14.82,14.9,57.775,366.25,,339.7,1.7117,3.239,863.2,868.0
2018-11-05,1231.6,288.25,14.735,14.78,57.95,371.0,,342.0,1.7085,3.471,873.2,877.0
2018-11-06,1234.85,292.5,14.7,14.7,56.525,373.75,,328.3,1.6819,3.55,868.0,872.25
2018-11-07,1235.05,293.0,14.67,14.47,54.4,372.25,10.75,332.9,1.6779,3.543,873.5,872.0
2018-11-08,1223.45,287.0,14.49,14.5,55.15,372.0,,330.0,1.6473,3.53,876.2,867.0
2018-11-09,1219.05,288.5,14.34,14.44,54.8,372.75,,332.0,1.6483,3.555,868.2,867.0
2018-11-12,1207.05,284.25,14.16,14.46,55.7,369.0,,331.5,1.635,3.745,855.7,874.0
2018-11-13,1197.55,283.5,14.02,14.52,56.35,369.5,10.9,321.8,1.6166,3.934,844.8,871.75
2018-11-14,1201.45,284.75,13.97,14.54,56.75,366.0,10.9,325.0,1.5393,4.072,841.5,869.25
2018-11-15,1210.6,290.0,14.13,14.59,57.175,366.75,10.875,336.3,1.5476,4.672,838.0,884.25
2018-11-16,1215.8,290.75,14.285,14.57,57.475,367.25,10.72,363.2,1.5555,3.907,845.3,889.75
2018-11-19,1223.55,299.25,14.36,14.57,60.25,364.75,10.895,366.4,1.5778,4.625,848.5,892.0
2018-11-20,1223.1,304.5,14.44,14.56,60.825,362.75,10.745,357.3,1.5801,4.583,856.5,874.25
2018-11-21,1224.0,303.75,14.42,14.49,58.525,361.25,10.73,359.0,1.4967,4.536,844.9,882.0
2018-11-22,1228.25,,14.52,,,,,,,,,
2018-11-23,1222.15,290.75,14.255,,58.8,361.0,10.805,367.0,1.5019,4.471,849.0,881.25
2018-11-26,1226.65,286.25,14.38,14.45,59.475,359.5,10.7,365.0,1.3917,4.068,842.8,881.0
2018-11-27,1225.05,278.0,14.275,14.49,57.725,356.0,10.75,357.9,1.4406,4.224,846.6,862.5
2018-11-28,1213.2,272.25,14.15,14.5,57.8,356.25,10.835,345.0,1.4399,4.199,836.5,876.25
2018-11-29,1226.45,289.25,14.265,14.46,58.25,360.5,10.825,339.8,1.3905,4.671,827.3,890.0
2018-11-30,1220.45,286.5,14.235,14.46,58.7,360.75,10.915,329.0,1.4471,4.584,822.5,887.25
2018-12-03,1231.05,287.75,14.385,14.47,58.65,372.75,10.89,337.2,1.4126,4.527,801.5,919.75
2018-12-04,1239.25,287.5,14.545,14.47,57.85,370.0,10.98,333.1,1.4392,4.392,809.4,903.25
2018-12-05,1236.15,285.25,14.48,,56.6,373.5,10.945,326.9,1.4256,4.518,805.5,910.0
2018-12-06,1236.45,,14.38,13.86,55.625,374.0,10.825,321.2,1.4426,4.45,802.0,911.5
2018-12-07,1241.2,,14.485,13.84,54.925,371.75,10.83,321.4,1.441,4.348,790.8,910.0
2018-12-10,1246.8,276.75,14.53,13.79,54.35,374.25,10.715,331.6,1.464,4.59,795.0,912.0
2018-12-11,1248.25,,14.64,13.71,55.0,373.75,10.665,318.2,1.4232,4.507,784.9,907.75
2018-12-12,1244.75,,14.655,13.72,54.7,375.5,10.63,317.5,1.45,4.363,785.8,916.0
2018-12-13,1244.45,,14.68,13.73,54.825,375.0,10.53,323.3,1.4223,4.096,804.3,918.75
2018-12-14,1239.15,,14.58,13.77,54.95,378.0,10.45,322.4,1.4801,4.073,796.4,907.25
2018-12-17,1239.1,287.5,14.6,13.8,64.325,384.25,10.635,326.1,1.4362,3.62,787.3,900.75
2018-12-18,1248.8,288.0,14.655,13.8,,383.75,10.575,322.7,1.3953,3.596,795.0,902.75
2018-12-19,1248.6,286.5,14.645,13.85,62.725,385.0,10.615,324.9,1.3425,3.839,792.2,907.0
2018-12-20,1255.0,287.0,14.77,13.81,62.5,381.75,10.48,336.0,1.37,3.732,785.9,900.0
2018-12-21,1257.6,278.25,14.69,13.83,63.25,375.5,10.505,331.0,1.3349,3.681,795.9,891.5
2018-12-24,1261.25,276.5,14.675,13.84,61.9,378.25,10.675,336.8,1.3115,3.758,792.4,883.25
2018-12-26,,275.5,,13.82,60.9,378.25,10.345,335.3,1.26,3.456,788.5,885.0
2018-12-27,1271.1,275.0,15.055,13.82,61.175,373.25,10.31,337.0,1.3419,3.5,799.4,870.75
2018-12-28,1277.25,273.75,15.295,13.8,60.95,374.5,10.125,334.4,1.3243,3.507,796.7,870.5
2018-12-31,1281.65,275.0,15.465,,60.85,375.5,10.1,333.1,1.3285,3.125,790.2,885.5
2019-01-02,1287.2,275.25,15.44,,61.375,375.25,,331.5,1.3136,2.921,791.9,881.5
2019-01-03,1287.95,278.25,15.535,,62.1,375.5,10.105,330.7,1.316,2.963,795.7,893.5
2019-01-04,1290.35,278.0,15.705,14.32,62.775,380.0,,325.6,1.3364,2.914,796.6,898.25
2019-01-07,1291.5,279.5,15.75,14.16,61.95,382.25,,326.2,1.356,2.962,824.2,909.5
2019-01-08,1283.9,277.75,15.64,14.18,62.6,382.5,,324.2,1.3466,2.95,822.0,911.75
2019-01-09,1281.3,283.0,15.62,14.06,62.4,380.5,,331.0,1.3617,3.008,821.7,905.5
2019-01-10,1292.4,285.5,15.705,14.07,63.575,381.5,,324.4,1.4265,2.99,822.5,908.0
2019-01-11,1292.8,289.0,15.68,14.08,63.375,377.0,,324.2,1.4215,2.995,,897.25
2019-01-14,1293.7,294.75,15.615,14.07,62.65,378.5,,327.0,1.408,3.325,801.0,895.25
2019-01-15,1289.35,300.75,15.6,14.04,62.25,379.5,10.585,335.0,1.3693,3.631,797.6,904.25
2019-01-16,1290.5,294.5,15.54,14.06,61.45,372.75,10.35,353.3,1.4125,3.456,803.2,895.5
2019-01-17,1294.0,296.0,15.575,14.0,60.075,374.0,10.455,360.6,1.414,3.412,,895.5
2019-01-18,1285.05,296.0,15.47,13.99,61.175,379.75,10.57,360.4,1.4281,3.436,,908.25
2019-01-21,1278.7,,15.26,,,,,,,,,
2019-01-22,1284.75,298.0,15.26,14.0,61.725,380.75,10.6,355.0,1.4435,3.327,787.3,916.5
2019-01-23,1284.9,296.75,15.385,14.0,61.15,379.5,10.65,367.4,1.4061,3.058,790.0,911.0
2019-01-24,1279.75,294.0,15.3,13.99,60.75,378.75,10.73,365.0,1.3834,3.025,789.1,915.0
2019-01-25,1282.95,291.0,15.375,14.0,59.375,377.0,10.675,382.7,1.3891,3.16,800.8,915.75
2019-01-28,1301.0,291.0,15.685,13.99,58.525,379.5,10.7,383.1,1.3857,2.926,,923.5
2019-01-29,1308.35,284.75,15.855,13.97,57.65,379.75,10.7,393.7,1.3369,2.925,810.9,921.75
2019-01-30,1312.95,282.75,15.915,,57.45,377.75,10.725,410.0,1.3528,2.909,820.2,919.0
2019-01-31,1322.5,281.5,16.075,14.05,57.325,381.0,10.615,427.5,1.3925,2.868,824.0,919.5
2019-02-01,1320.75,283.75,16.01,14.05,56.4,376.5,10.64,418.8,1.386,2.832,821.0,921.0
2019-02-04,1311.0,291.0,15.745,14.03,56.4,377.75,10.69,422.1,1.4351,2.705,814.9,917.0
2019-02-05,1314.0,289.25,15.865,13.94,57.45,379.5,10.695,427.2,1.4395,2.666,823.0,917.75
2019-02-06,1313.35,291.5,15.73,13.93,56.3,380.5,10.705,439.2,1.4241,2.685,810.1,920.0
2019-02-07,1306.6,287.0,15.71,13.91,56.025,379.75,10.54,428.8,1.4534,2.682,807.0,919.5
2019-02-08,1311.1,287.25,15.78,13.99,55.3,376.5,10.485,418.1,1.4248,2.573,798.0,913.0
2019-02-11,1306.75,284.75,15.705,13.98,55.0,374.5,10.365,415.0,1.4416,2.65,802.3,914.75
2019-02-12,1311.6,282.0,15.81,13.99,55.275,373.5,10.31,400.1,1.4208,2.647,785.4,905.5
2019-02-13,1311.15,286.0,15.695,14.01,55.075,377.5,10.255,400.9,1.4331,2.665,,916.75
2019-02-14,1305.65,282.0,15.58,14.0,55.0,378.75,10.28,417.5,1.4687,2.591,782.5,915.75
2019-02-15,1318.0,281.0,15.675,13.99,58.7,374.75,10.175,416.3,1.511,2.572,805.4,905.25
2019-02-18,1323.95,,15.765,,,,,,,,,
2019-02-19,1329.55,277.25,15.78,13.99,,374.25,9.98,400.7,1.5728,2.621,807.2,907.25
2019-02-20,1345.75,270.25,16.035,14.0,56.275,371.5,9.86,399.1,1.5643,2.66,823.7,902.0
2019-02-21,1335.05,271.75,15.91,13.99,54.4,371.0,10.05,385.6,1.6,2.646,,902.75
2019-02-22,1322.25,270.0,15.87,13.93,55.6,374.75,10.21,399.5,1.61,2.701,842.0,910.25
2019-02-25,1329.15,273.0,15.955,13.95,54.85,377.75,10.165,391.9,1.5971,2.757,852.3,918.0
2019-02-26,1327.55,270.0,15.83,13.95,54.925,370.75,10.11,392.9,1.5496,2.843,855.8,910.0
2019-02-27,1326.45,264.25,15.86,,54.65,366.0,10.52,385.5,1.5985,2.768,861.8,903.0
2019-02-28,1325.45,257.0,15.815,15.27,55.45,363.75,10.285,391.4,1.6298,2.808,869.8,903.0
2019-03-01,1309.95,,15.56,15.24,55.7,361.75,,380.0,1.7521,2.805,,897.25
2019-03-04,1287.45,256.5,15.16,15.21,57.375,365.25,10.4,376.4,1.7285,2.845,,901.25
2019-03-05,1285.0,,15.11,15.08,57.725,366.0,10.57,364.6,1.7474,2.856,840.2,904.75
2019-03-06,1285.55,,15.095,15.14,57.675,366.0,10.48,367.5,1.7604,2.889,828.3,900.5
2019-03-07,1286.4,259.75,15.075,15.17,57.925,362.25,10.65,382.1,1.7845,2.845,825.0,892.0
2019-03-08,1294.1,,15.115,15.04,57.975,357.75,,393.2,1.7944,2.865,814.0,891.0
2019-03-11,1296.35,,15.295,14.98,60.75,357.5,,391.5,1.7976,2.835,,884.5
2019-03-12,1296.95,,15.445,14.94,63.0,353.25,,404.7,1.8251,2.779,,880.5
2019-03-13,1308.4,,15.52,14.95,64.1,357.25,,386.5,1.8222,2.791,,882.75
2019-03-14,1299.2,,15.235,14.91,63.5,360.25,,395.0,1.873,2.833,,
2019-03-15,1302.65,273.75,15.355,14.95,65.8,369.25,10.745,395.1,1.848,2.849,,899.25
2019-03-18,1305.35,277.0,15.38,14.94,69.625,374.0,10.725,395.0,1.8535,2.786,,910.0
2019-03-19,1308.35,278.0,15.41,14.9,71.25,372.0,10.735,390.0,1.8802,2.845,,905.5
2019-03-20,1303.0,272.75,15.32,14.93,71.25,371.5,10.8,385.5,1.893,2.863,855.2,902.75
2019-03-21,1317.3,273.25,15.54,15.02,74.0,371.0,10.94,382.5,1.9067,2.83,,906.0
2019-03-22,1311.1,280.0,15.46,15.04,79.1,375.75,11.065,374.3,1.9275,2.821,,909.75
2019-03-25,1319.35,280.0,15.525,15.05,79.85,378.75,11.185,367.3,1.9259,2.724,,904.5
2019-03-26,1315.25,275.5,15.44,15.06,79.25,379.25,11.13,365.1,1.9359,2.759,,905.5
2019-03-27,1318.25,272.75,15.4,15.07,79.8,376.75,11.25,367.1,1.9529,2.731,,900.25
2019-03-28,1306.9,269.75,15.195,15.07,81.075,373.75,11.125,367.0,1.8865,2.723,853.4,888.0
2019-03-29,1291.15,265.0,15.1,15.05,78.725,373.75,10.93,372.9,1.8943,2.72,840.9,888.75
2019-04-01,1291.9,273.0,15.07,15.07,76.425,356.5,10.85,359.0,1.8827,2.663,849.9,884.0
2019-04-02,1287.2,278.0,15.025,15.07,78.2,362.25,10.85,365.4,1.9027,2.706,850.1,895.75
2019-04-03,1291.85,277.5,15.165,,79.225,361.25,10.785,356.0,1.9291,2.692,849.7,899.25
2019-04-04,1291.6,286.0,15.085,15.81,78.45,362.75,10.645,362.0,1.9506,2.673,867.9,898.25
2019-04-05,1288.9,288.25,15.195,15.84,79.9,364.5,10.535,354.8,1.9338,2.644,,904.5
2019-04-08,1297.1,288.0,15.14,15.89,79.025,362.25,10.525,351.8,1.98,2.659,905.5,899.0
2019-04-09,1301.85,288.0,15.255,15.87,78.525,359.75,10.375,346.1,1.9881,2.709,901.2,898.25
2019-04-10,1304.8,282.0,15.245,15.94,78.75,360.25,10.32,342.3,2.0105,2.705,900.0,898.75
2019-04-11,1304.65,279.25,15.16,15.91,79.325,361.25,10.22,344.1,2.0624,2.702,890.7,901.25
2019-04-12,1296.15,281.0,15.065,15.9,79.15,360.25,10.28,339.8,2.0361,2.674,,895.0
2019-04-15,1286.75,285.75,14.935,15.92,90.125,361.25,10.49,347.0,2.0296,2.646,,895.0
2019-04-16,1283.75,289.0,14.945,15.92,,362.5,10.61,345.0,2.015,2.589,882.3,898.25
2019-04-17,1276.1,295.0,15.0,15.91,89.4,358.25,10.525,333.2,2.0386,2.572,,887.75
2019-04-18,1276.5,300.0,14.955,15.95,88.75,358.0,10.475,336.1,2.0484,2.506,894.2,878.75
2019-04-22,,290.25,,15.94,90.9,359.0,10.52,327.0,2.0722,2.494,907.9,881.5
2019-04-23,1273.45,292.0,14.975,15.94,89.0,354.75,10.44,318.2,2.1389,2.528,,877.0
2019-04-24,1273.8,293.0,14.805,15.92,87.9,351.0,10.295,313.6,2.1132,2.453,,862.0
2019-04-25,1277.85,298.0,14.865,15.96,88.25,346.0,10.18,337.7,2.1288,2.475,,854.75
2019-04-26,1281.5,300.0,15.0,15.98,87.7,347.25,10.135,347.4,2.1298,2.501,897.9,858.5
2019-04-29,1282.15,310.0,14.97,15.96,86.5,353.25,10.285,347.4,2.0975,2.578,894.4,854.75
2019-04-30,1285.15,306.25,14.985,15.97,84.7,352.25,10.26,342.6,2.0847,2.593,,848.0
2019-05-01,1281.8,310.0,14.88,,84.475,353.5,10.175,336.4,2.0528,2.572,,841.0
2019-05-02,1271.45,300.0,14.675,16.13,87.0,361.0,,341.7,2.0652,2.613,,840.0
2019-05-03,1270.05,301.5,14.655,16.21,85.525,362.25,10.4,348.2,2.0116,2.589,,830.5
2019-05-06,,298.0,,16.39,84.425,352.5,,338.6,2.0237,2.565,,816.5
2019-05-07,1281.3,,14.83,16.48,82.25,357.0,10.55,334.5,1.996,2.515,,815.0
2019-05-08,1287.75,295.0,14.93,16.43,82.925,356.5,,331.9,1.9493,2.542,,819.25
2019-05-09,1284.1,298.75,14.82,16.4,83.125,350.0,,339.9,1.9748,2.604,,810.0
2019-05-10,1285.4,,14.795,16.35,83.85,346.5,,342.0,1.9721,2.59,,800.25
2019-05-13,1282.95,,14.66,16.34,83.525,335.5,10.785,350.5,1.9892,2.616,,790.25
2019-05-14,1297.6,270.0,14.755,16.3,83.7,354.25,10.78,338.9,1.9582,2.624,,810.0
2019-05-15,1298.9,286.0,14.815,16.27,89.525,369.0,10.92,338.9,1.9708,2.651,,832.0
2019-05-16,1295.55,288.0,14.795,16.3,,368.75,10.905,328.5,2.0159,2.604,,834.0
2019-05-17,1285.8,297.0,14.48,16.28,,380.0,10.915,328.7,2.0675,2.636,,840.75
